Team,Less than 8ft. usage %,8-16 feet usage %,16-24 feet usage %,24+ feet usage %,Back Court Shots usage %,Avg. Shot Dis.(ft.),Opp. Avg. Shot Dis.(ft.),Avg. Made Shot Dis.(ft.),Opp. Made Avg. Shot Dis.(ft.),Avg. Missed Shot Dis.(ft.),Opp. Missed Avg. Shot Dis.(ft.),Season,Season Type,Match Count
Atlanta Hawks,43.55,11.46,4.8,39.91,0.28,13.06,13.34,10.34,10.75,15.29,15.68,2018-2019,REG,81
Brooklyn Nets,43.45,11.46,4.89,39.96,0.24,13.18,12.89,10.7,10.45,15.2,14.94,2018-2019,REG,82
Boston Celtics,36.19,14.82,10.9,38,0.09,14,13.49,11.64,10.85,16.06,15.63,2018-2019,REG,82
Charlotte Hornets,41.86,11.99,8.39,37.25,0.5,13.4,13.2,10.96,10.56,15.38,15.54,2018-2019,REG,82
Chicago Bulls,46.23,14.31,10.05,29.22,0.19,11.9,13.19,9.58,10.59,13.82,15.52,2018-2019,REG,82
Cleveland Cavaliers,40.56,15.78,10.45,33.04,0.17,12.94,13.21,10.78,10.63,14.66,15.75,2018-2019,REG,82
Dallas Mavericks,38.95,12.46,6.64,41.54,0.41,13.99,13.34,10.99,10.59,16.4,15.67,2018-2019,REG,81
Denver Nuggets,44.62,13.5,7.15,34.48,0.25,12.56,12.74,10.07,9.95,14.74,15.12,2018-2019,REG,81
Detroit Pistons,42.79,10.51,7.33,38.94,0.43,13.49,12.61,11.01,9.95,15.46,14.97,2018-2019,REG,81
Golden State Warriors,32.99,14.86,13.8,38.09,0.26,14.76,13.7,12.35,11.18,17.08,15.7,2018-2019,REG,82
Houston Rockets,38.48,7.12,2.53,51.74,0.14,15.11,12.53,12.31,9.67,17.39,15.02,2018-2019,REG,82
Indiana Pacers,43.81,11.84,15.23,28.95,0.17,12.44,13.34,10.25,10.81,14.43,15.42,2018-2019,REG,82
Los Angeles Clippers,45.64,15.08,9.94,29.11,0.23,11.95,12.66,10.03,10.11,13.65,14.81,2018-2019,REG,81
Los Angeles Lakers,47.38,10.44,8.03,33.99,0.16,12.19,12.92,9.26,10.47,14.79,14.95,2018-2019,REG,81
Memphis Grizzlies,41.71,14.57,9.52,33.97,0.23,12.81,13.34,10.34,10.87,14.83,15.37,2018-2019,REG,82
Miami Heat,42.68,14.1,6.46,36.48,0.28,12.8,13.55,10.21,11.48,14.93,15.18,2018-2019,REG,82
Milwaukee Bucks,43.76,9.01,5.33,41.76,0.15,13.41,14.34,10.26,12.34,16.28,15.87,2018-2019,REG,82
Minnesota Timberwolves,42.77,13.63,12.18,31.19,0.23,12.61,12.91,10.2,10.57,14.63,14.95,2018-2019,REG,81
New Orleans Pelicans,46.56,14.3,6.95,32.01,0.17,11.94,12.95,9.22,10.44,14.39,15.15,2018-2019,REG,81
New York Knicks,40.89,13.51,12.25,33.21,0.14,12.99,12.77,10.63,10.14,14.79,15.08,2018-2019,REG,82
Oklahoma City Thunder,43.63,13.66,8.03,34.39,0.29,12.43,12.62,9.84,10.1,14.57,14.76,2018-2019,REG,82
Orlando Magic,37.51,13.62,12.86,35.69,0.31,13.9,13.14,11.41,10.69,15.97,15.19,2018-2019,REG,82
Philadelphia 76ers,41.32,14.35,10.2,33.94,0.19,13.01,12.75,10.37,10.19,15.37,14.89,2018-2019,REG,82
Phoenix Suns,41.86,15.41,9.27,33.25,0.21,12.61,12.19,9.83,9.73,14.96,14.47,2018-2019,REG,82
Portland Trailblazers,43.33,11.93,10.85,33.78,0.11,12.7,12.82,10.44,10.49,14.69,14.77,2018-2019,REG,82
Sacramento Kings,42.75,14.65,10.41,31.96,0.23,12.59,13.08,10.44,10.23,14.44,15.58,2018-2019,REG,81
San Antonio Spurs,34.56,20.45,16.43,28.34,0.22,13.39,13.53,11.54,11.21,15.09,15.54,2018-2019,REG,82
Toronto Raptors,41.74,12.06,8.31,37.67,0.22,13.26,12.82,10.79,10.4,15.49,14.79,2018-2019,REG,82
Utah Jazz,43.79,10.42,6.37,39.14,0.28,12.98,12.62,10.21,10.57,15.42,14.3,2018-2019,REG,82
Washington Wizards,41.52,11.53,9.96,36.8,0.19,13.29,13,10.27,10.37,15.94,15.42,2018-2019,REG,81
Atlanta Hawks,38.29,13.26,12.27,35.81,0.37,13.57,13.67,11.33,11.46,15.39,15.62,2017-2018,REG,82
Brooklyn Nets,40.47,12.26,6.23,40.82,0.22,13.7,12.59,11.24,10.71,15.64,14.22,2017-2018,REG,82
Boston Celtics,38.06,14.24,12.01,35.4,0.29,13.68,13.07,11.82,10.39,15.2,15.17,2017-2018,REG,82
Charlotte Hornets,38.98,15.75,13.85,31.08,0.34,13.16,13.68,10.93,11.31,14.99,15.76,2017-2018,REG,82
Chicago Bulls,38.47,13.07,13.48,34.73,0.25,13.62,13.72,11.44,11.11,15.3,16.05,2017-2018,REG,82
Cleveland Cavaliers,38.14,12.01,12.01,37.64,0.2,13.81,13.43,11.03,10.83,16.33,15.77,2017-2018,REG,82
Dallas Mavericks,34.69,13.44,13.71,37.87,0.3,14.41,13.79,12.04,11.34,16.31,15.95,2017-2018,REG,82
Denver Nuggets,44.56,12.35,7.44,35.28,0.38,12.8,12.8,10.44,10.65,14.89,14.75,2017-2018,REG,82
Detroit Pistons,40.13,15.02,11.63,32.93,0.29,13.14,13.58,11.13,11.1,14.79,15.69,2017-2018,REG,82
Golden State Warriors,34.65,17.14,14.46,33.36,0.39,13.95,12.95,11.62,10.58,16.29,14.86,2017-2018,REG,82
Houston Rockets,37.34,8.04,4.39,49.94,0.29,15.05,12.81,12.15,10.03,17.51,15.2,2017-2018,REG,82
Indiana Pacers,39.93,12.61,19.1,28.06,0.3,13.03,13.64,10.87,10.82,14.96,16.08,2017-2018,REG,82
Los Angeles Clippers,47.75,11.79,9.11,31.12,0.23,11.82,13.37,9.25,10.95,14.11,15.42,2017-2018,REG,82
Los Angeles Lakers,45.72,11.83,9.51,32.66,0.28,12.42,12.91,9.62,10.34,14.8,15.08,2017-2018,REG,82
Memphis Grizzlies,41.69,13.45,13.19,31.28,0.4,12.79,13.29,10.44,10.78,14.67,15.46,2017-2018,REG,82
Miami Heat,40.81,12.95,10.43,35.52,0.29,13.21,12.67,10.68,10.63,15.33,14.34,2017-2018,REG,82
Milwaukee Bucks,42.36,15.21,12.75,29.47,0.21,12.39,12.51,9.87,10.02,14.7,14.71,2017-2018,REG,82
Minnesota Timberwolves,41.77,17.13,15.02,25.89,0.18,12.29,13.13,9.94,10.52,14.44,15.49,2017-2018,REG,82
New Orleans Pelicans,43.28,13.96,10.95,31.6,0.21,12.51,13.23,9.96,10.79,14.9,15.25,2017-2018,REG,82
New York Knicks,39.18,18.32,15.88,26.3,0.32,12.67,13.33,10.37,11.14,14.66,15.17,2017-2018,REG,82
Oklahoma City Thunder,38.66,13.05,13.85,34.13,0.32,13.25,13.08,10.64,10.66,15.42,15.14,2017-2018,REG,82
Orlando Magic,39.69,14.98,11.26,33.88,0.18,13.3,12.77,10.78,10.33,15.39,14.91,2017-2018,REG,82
Philadelphia 76ers,40.3,14.55,10.72,34.15,0.28,13.34,13.65,10.81,11.3,15.6,15.45,2017-2018,REG,82
Phoenix Suns,42.03,15.31,10.63,31.79,0.24,12.48,12.96,9.87,10.64,14.54,15.03,2017-2018,REG,82
Portland Trailblazers,40.36,14.5,12.7,32.37,0.06,13.02,12.94,11.11,11.16,14.58,14.37,2017-2018,REG,82
Sacramento Kings,39.32,16.92,16.02,27.34,0.4,12.87,13.79,10.99,11.39,14.41,15.91,2017-2018,REG,82
San Antonio Spurs,38.47,18.93,14.4,27.92,0.27,12.71,12.83,10.44,10.56,14.63,14.71,2017-2018,REG,82
Toronto Raptors,42.18,12.65,7.5,37.33,0.33,13.19,12.24,10.53,10.21,15.57,13.9,2017-2018,REG,82
Utah Jazz,40.13,13.42,10.8,35.43,0.22,13.24,13.1,10.86,11.02,15.29,14.8,2017-2018,REG,82
Washington Wizards,35.51,18.63,14.95,30.67,0.24,13.45,13.34,11.34,10.53,15.3,15.75,2017-2018,REG,82
Atlanta Hawks,41.79,12.24,15.13,30.61,0.23,12.51,13.71,10.18,11.71,14.42,15.3,2016-2017,REG,82
Brooklyn Nets,44.64,11.31,6.97,36.75,0.33,12.74,12.83,10.19,10.83,14.77,14.52,2016-2017,REG,82
Boston Celtics,40.01,9.61,11.11,38.92,0.34,13.78,13.03,11.28,10.53,15.86,15.07,2016-2017,REG,82
Charlotte Hornets,37.87,13.45,15.18,33.27,0.24,13.41,13.64,11.09,11.48,15.25,15.45,2016-2017,REG,82
Chicago Bulls,41.01,15.48,17.9,25.46,0.15,12.36,12.4,10.19,10.2,14.08,14.24,2016-2017,REG,82
Cleveland Cavaliers,36.98,11.7,11.46,39.71,0.16,13.98,12.87,11.69,10.6,16.02,14.79,2016-2017,REG,82
Dallas Mavericks,30.06,14.36,18.95,36.33,0.3,14.89,13.22,12.68,10.94,16.62,15.24,2016-2017,REG,82
Denver Nuggets,46.16,10.16,10.76,32.63,0.29,12.32,12.74,9.98,10.55,14.4,14.72,2016-2017,REG,82
Detroit Pistons,39.34,18.71,15.69,25.83,0.43,12.58,12.92,10.3,10.81,14.43,14.72,2016-2017,REG,82
Golden State Warriors,37.93,13.27,12.93,35.4,0.48,13.68,12.77,11.12,10.19,16.18,14.76,2016-2017,REG,82
Houston Rockets,42.46,6.31,5.05,45.93,0.24,13.96,12.94,10.93,10.05,16.58,15.44,2016-2017,REG,82
Indiana Pacers,39.27,14.15,19.51,26.74,0.32,12.98,13.67,11.06,11.37,14.64,15.55,2016-2017,REG,82
Los Angeles Clippers,37.62,10.02,19.75,32.33,0.28,13.78,13.17,11.51,10.66,15.84,15.23,2016-2017,REG,82
Los Angeles Lakers,44.76,14.24,11.78,28.96,0.25,12.06,12.77,9.75,10.27,13.96,15.1,2016-2017,REG,82
Memphis Grizzlies,41.96,12.01,14.42,31.09,0.51,13,13.58,10.88,11.18,14.64,15.5,2016-2017,REG,82
Miami Heat,41.45,14.04,13.13,31.14,0.24,12.57,12.04,10.39,9.99,14.4,13.72,2016-2017,REG,82
Milwaukee Bucks,49.44,10.92,10.8,28.64,0.19,11.37,12.67,8.98,10.12,13.53,14.83,2016-2017,REG,82
Minnesota Timberwolves,43.59,12.96,18.57,24.69,0.19,11.97,12.6,9.66,10.05,14.01,14.91,2016-2017,REG,82
New Orleans Pelicans,41.38,12.91,14.96,30.57,0.18,12.88,13.18,10.56,10.74,14.78,15.17,2016-2017,REG,82
New York Knicks,38.96,16.03,17.16,27.53,0.32,12.75,12.35,10.82,9.97,14.3,14.33,2016-2017,REG,82
Oklahoma City Thunder,46.34,13.27,10.85,29.27,0.27,11.65,11.77,9.05,9.52,13.79,13.67,2016-2017,REG,82
Orlando Magic,38.67,15.64,15.72,29.61,0.36,13.06,12.56,10.66,10.27,14.94,14.56,2016-2017,REG,82
Philadelphia 76ers,43.26,11.97,9.98,34.7,0.1,12.75,12.34,10.06,10.08,14.89,14.26,2016-2017,REG,82
Phoenix Suns,41.88,16.07,16.53,25.21,0.3,12.07,12.74,9.62,10.7,14.08,14.53,2016-2017,REG,82
Portland Trailblazers,40.65,12.38,14.79,31.93,0.24,12.96,12.7,11.07,10.93,14.56,14.18,2016-2017,REG,82
Sacramento Kings,41.88,13.56,15.53,28.75,0.28,12.62,13.77,10.6,11.29,14.34,15.91,2016-2017,REG,82
San Antonio Spurs,37.02,15.93,19,27.86,0.19,13,12.36,11.23,10.41,14.56,13.91,2016-2017,REG,82
Toronto Raptors,40.37,15.55,15.26,28.64,0.19,12.72,12.97,10.72,10.65,14.46,14.87,2016-2017,REG,82
Utah Jazz,40.96,14.55,11.81,32.45,0.23,12.64,12.37,10.35,10.5,14.64,13.87,2016-2017,REG,82
Washington Wizards,40.17,14.56,16.9,28.18,0.18,12.63,12.99,10.65,10.69,14.42,15.01,2016-2017,REG,82
Atlanta Hawks,41.75,10.71,13.84,33.45,0.25,12.76,12.58,10.47,10.41,14.69,14.22,2015-2016,REG,82
Brooklyn Nets,43.68,16.32,18.1,21.68,0.23,11.66,12.34,9.79,10.03,13.21,14.47,2015-2016,REG,82
Boston Celtics,42.73,12.51,15.55,29,0.21,12.43,12.38,10.01,10.1,14.33,14.17,2015-2016,REG,82
Charlotte Hornets,36.4,13.29,15.52,34.64,0.14,13.73,13.05,11.68,10.97,15.33,14.71,2015-2016,REG,82
Chicago Bulls,41.5,15.43,18.51,24.11,0.45,12.32,12.23,10.71,10.18,13.58,13.85,2015-2016,REG,82
Cleveland Cavaliers,39.39,12.83,12.52,35.09,0.17,13.33,12.46,11.03,10.22,15.3,14.28,2015-2016,REG,82
Dallas Mavericks,35.79,14.47,15.87,33.6,0.28,13.71,13.07,11.4,10.77,15.55,14.96,2015-2016,REG,82
Denver Nuggets,47.41,10.53,14.18,27.6,0.29,11.81,12.62,9.65,10.53,13.53,14.41,2015-2016,REG,82
Detroit Pistons,44.16,13.92,11.66,29.76,0.51,12.33,11.95,10.09,9.85,14.09,13.74,2015-2016,REG,82
Golden State Warriors,39.59,12.24,11.94,35.9,0.34,13.48,12.42,11.63,10.16,15.24,14.15,2015-2016,REG,82
Houston Rockets,45.78,9.03,8.17,36.6,0.41,12.55,12.66,9.9,10.32,14.74,14.63,2015-2016,REG,82
Indiana Pacers,37.32,13.85,21.88,26.66,0.3,13.15,12.76,10.75,10.45,15.11,14.58,2015-2016,REG,82
Los Angeles Clippers,34.76,11.58,21.62,31.75,0.29,14.15,12.58,11.82,10.34,16.17,14.3,2015-2016,REG,82
Los Angeles Lakers,37.85,16.41,16.9,28.49,0.35,13.06,12.19,10.71,9.62,14.71,14.51,2015-2016,REG,82
Memphis Grizzlies,46.54,14.03,17.28,21.81,0.34,11.35,13.34,9.45,11.16,12.84,15.17,2015-2016,REG,82
Miami Heat,43.43,16.23,18.36,21.69,0.28,11.58,12.22,9.23,10.26,13.66,13.77,2015-2016,REG,82
Milwaukee Bucks,52.29,13.75,15.17,18.57,0.22,10.1,12.37,7.96,9.97,11.97,14.38,2015-2016,REG,82
Minnesota Timberwolves,42.66,13.23,23.9,20.06,0.15,11.88,12.42,9.55,9.94,13.91,14.61,2015-2016,REG,82
New Orleans Pelicans,41.01,13.76,17.54,27.48,0.21,12.52,12.92,10.67,10.65,14.03,14.92,2015-2016,REG,82
New York Knicks,36.61,17.61,20.26,25.32,0.2,12.99,12,11.21,9.95,14.38,13.63,2015-2016,REG,82
Oklahoma City Thunder,42.72,15.02,14.72,27.41,0.14,11.95,11.79,9.7,9.64,13.99,13.47,2015-2016,REG,82
Orlando Magic,40.92,13.01,20.6,25.14,0.34,12.52,12.51,10.38,10.31,14.3,14.39,2015-2016,REG,82
Philadelphia 76ers,44.42,12.85,9.98,32.52,0.23,12.42,11.96,9.9,9.92,14.33,13.73,2015-2016,REG,82
Phoenix Suns,41.74,12.58,15.53,29.94,0.21,12.61,12.58,10.37,10.47,14.33,14.43,2015-2016,REG,82
Portland Trailblazers,39.08,12.02,15.66,33.04,0.2,13.33,12.63,11.5,10.97,14.83,14.01,2015-2016,REG,82
Sacramento Kings,48.15,10.36,15.52,25.71,0.25,11.68,13.27,9.49,11.09,13.58,15.15,2015-2016,REG,82
San Antonio Spurs,38.78,18.74,20.19,22.06,0.22,12.19,12.17,10.25,10.13,14.02,13.75,2015-2016,REG,82
Toronto Raptors,42.74,14.72,13.9,28.37,0.27,12.38,12.58,10.4,10.88,14,13.94,2015-2016,REG,82
Utah Jazz,41.32,16.34,12.73,29.27,0.35,12.32,12.33,10.18,10.39,14.06,13.89,2015-2016,REG,82
Washington Wizards,38.48,14.4,18.96,27.91,0.26,12.97,13.03,10.64,10.93,14.96,14.83,2015-2016,REG,82
Atlanta Hawks,41.85,10.93,15.09,32.08,0.04,12.75,13.04,10.85,10.75,14.41,14.84,2014-2015,REG,82
Brooklyn Nets,42.64,17.05,16.31,23.63,0.37,11.92,12.43,9.76,10.13,13.69,14.36,2014-2015,REG,82
Boston Celtics,39.64,13.03,19.33,27.79,0.22,12.84,12.19,10.56,9.82,14.66,14.14,2014-2015,REG,82
Charlotte Hornets,37.61,16.42,23.38,22.33,0.26,12.75,12.8,10.8,11.05,14.16,14.18,2014-2015,REG,82
Chicago Bulls,43.71,13.09,16.33,26.51,0.35,12.18,12.3,10.23,10.51,13.72,13.68,2014-2015,REG,82
Cleveland Cavaliers,41.88,12.35,12.33,33.3,0.15,12.77,12.28,10.55,10,14.66,14.18,2014-2015,REG,82
Dallas Mavericks,40.05,12.17,18.18,29.46,0.14,12.81,12.7,10.47,10.56,14.81,14.46,2014-2015,REG,82
Denver Nuggets,44.48,11.99,15.13,28.09,0.31,12.26,12.35,9.85,10.19,14.11,14.18,2014-2015,REG,82
Detroit Pistons,48.49,9.67,12.81,28.7,0.33,11.77,12.03,9.61,9.94,13.41,13.78,2014-2015,REG,82
Golden State Warriors,39.38,14.17,15.41,30.69,0.35,13.08,12.52,10.94,10.37,15.03,14.13,2014-2015,REG,82
Houston Rockets,46.31,7.65,6.73,39.06,0.25,12.71,12.25,10.03,9.73,14.85,14.26,2014-2015,REG,82
Indiana Pacers,37.81,14.46,22.23,25.22,0.28,13,12.61,11.21,10.68,14.4,14.1,2014-2015,REG,82
Los Angeles Clippers,33.97,11.91,21.91,32.03,0.18,14.14,12.98,12,10.84,16.06,14.68,2014-2015,REG,82
Los Angeles Lakers,38.58,16.1,23.3,21.89,0.13,12.54,12.14,10.34,9.83,14.23,14.16,2014-2015,REG,82
Memphis Grizzlies,46.43,17.3,17.92,18.02,0.33,10.95,12.82,8.91,10.6,12.68,14.58,2014-2015,REG,82
Miami Heat,40.09,15.34,18.37,25.89,0.3,12.38,12.48,9.95,10.18,14.41,14.4,2014-2015,REG,82
Milwaukee Bucks,44.86,13.63,19.21,22.2,0.1,11.4,12.21,9.49,9.95,13.02,13.96,2014-2015,REG,82
Minnesota Timberwolves,43.05,15.53,23.5,17.73,0.19,11.6,12.22,9.5,9.66,13.23,14.64,2014-2015,REG,82
New Orleans Pelicans,46.64,13.1,16.93,23.06,0.27,11.42,11.46,9.6,9.15,12.96,13.4,2014-2015,REG,82
New York Knicks,35.82,15.54,24.65,23.73,0.27,13.27,12.2,11.61,10.33,14.51,13.79,2014-2015,REG,82
Oklahoma City Thunder,43.3,14.14,16.42,25.98,0.16,11.93,12.1,9.73,9.96,13.71,13.78,2014-2015,REG,82
Orlando Magic,45.47,13.8,17.14,23.37,0.22,11.56,12.75,9.53,10.56,13.24,14.64,2014-2015,REG,82
Philadelphia 76ers,47.15,9.25,11.75,31.59,0.27,12.22,12.14,9.64,10.04,14,13.84,2014-2015,REG,82
Phoenix Suns,39.64,16.01,15.26,28.77,0.33,12.61,11.88,10.17,9.65,14.61,13.71,2014-2015,REG,82
Portland Trailblazers,35.47,13.95,18.96,31.41,0.21,13.74,11.97,11.47,10.04,15.59,13.49,2014-2015,REG,82
Sacramento Kings,48.18,13.14,18.19,20.28,0.22,11.05,12.91,9.03,10.51,12.75,14.93,2014-2015,REG,82
San Antonio Spurs,43.01,15.28,14.78,26.78,0.15,12.05,11.67,10,9.83,13.86,13.14,2014-2015,REG,82
Toronto Raptors,41.43,13.82,14.52,30.05,0.18,12.77,12.2,10.45,10.02,14.71,14.05,2014-2015,REG,82
Utah Jazz,43.59,12.93,16.01,27.17,0.29,12.19,12.34,9.64,10.46,14.25,13.85,2014-2015,REG,82
Washington Wizards,39.57,17.11,22.96,20.16,0.19,12.11,13.01,9.94,11.01,13.97,14.55,2014-2015,REG,82
Atlanta Hawks,39.91,13.98,14.48,31.43,0.19,12.91,12.48,10.83,10.44,14.67,14.22,2013-2014,REG,82
Brooklyn Nets,38.48,15.45,16.01,29.69,0.38,13.09,12.47,11.1,10.43,14.78,14.2,2013-2014,REG,82
Boston Celtics,39.44,13.56,21.89,24.89,0.22,12.77,11.66,10.76,9.44,14.32,13.58,2013-2014,REG,82
Charlotte Hornets,40.81,15.55,21.82,21.55,0.27,12.15,12.59,9.99,10.85,13.87,13.98,2013-2014,REG,82
Chicago Bulls,42.04,13.61,22.17,21.83,0.35,12.18,12.6,10.37,10.68,13.57,14.05,2013-2014,REG,82
Cleveland Cavaliers,40.65,16.09,19.69,23.22,0.35,12.3,13.21,10.57,11.03,13.64,15.01,2013-2014,REG,82
Dallas Mavericks,38.08,17.25,17.3,27.13,0.25,12.77,12.36,10.87,10.04,14.49,14.37,2013-2014,REG,82
Denver Nuggets,46.46,10.71,15,27.51,0.33,12.02,11.92,9.77,9.87,13.83,13.65,2013-2014,REG,82
Detroit Pistons,52.27,9.84,15.72,21.83,0.34,10.66,12.1,7.95,9.94,12.84,14.02,2013-2014,REG,82
Golden State Warriors,40.06,13.99,16.87,28.78,0.3,12.93,12.59,10.94,10.59,14.64,14.13,2013-2014,REG,82
Houston Rockets,52.38,8.06,6.59,32.8,0.17,11.46,12.41,8.9,10.26,13.75,14.12,2013-2014,REG,82
Indiana Pacers,39.71,16.36,20.48,23.17,0.27,12.49,12.53,10.73,10.98,13.93,13.66,2013-2014,REG,82
Los Angeles Clippers,37.79,12.38,20.83,28.83,0.18,13.31,12.13,10.78,9.68,15.61,14.06,2013-2014,REG,82
Los Angeles Lakers,39.17,14.88,16.89,28.96,0.09,13.03,11.96,11.15,9.74,14.58,13.92,2013-2014,REG,82
Memphis Grizzlies,48.24,15.6,19.1,16.78,0.28,10.78,12.67,8.9,10.67,12.41,14.31,2013-2014,REG,82
Miami Heat,42.53,11.53,16.76,29.05,0.13,12.28,12.46,9.59,10.18,14.98,14.39,2013-2014,REG,82
Milwaukee Bucks,44.96,13.82,18.17,22.94,0.1,11.62,12.07,9.82,10.15,13.03,13.77,2013-2014,REG,82
Minnesota Timberwolves,45.4,12.74,17.4,24.25,0.21,11.63,12.26,9.21,9.97,13.56,14.3,2013-2014,REG,82
New Orleans Pelicans,47.92,14.35,18.46,18.92,0.35,10.99,12.16,9.34,9.74,12.38,14.26,2013-2014,REG,82
New York Knicks,34.23,13.28,22.21,29.9,0.37,13.91,12.51,11.98,10.46,15.49,14.24,2013-2014,REG,82
Oklahoma City Thunder,39.88,16.3,16.71,26.85,0.27,12.48,12.44,10.3,10.54,14.43,13.92,2013-2014,REG,82
Orlando Magic,39.21,14.1,23.19,23.25,0.25,12.63,12.93,10.78,10.97,14.12,14.58,2013-2014,REG,82
Philadelphia 76ers,51.3,11.75,11.14,25.53,0.28,10.91,12.6,8.48,10.25,12.78,14.7,2013-2014,REG,82
Phoenix Suns,40.23,15.46,14.31,29.77,0.23,12.6,11.72,10.47,9.49,14.44,13.59,2013-2014,REG,82
Portland Trailblazers,36.09,14.1,20.75,28.89,0.17,13.4,11.53,11.52,9.83,14.94,12.94,2013-2014,REG,82
Sacramento Kings,44.99,14.44,18.77,21.64,0.16,11.78,12.78,9.67,10.63,13.49,14.62,2013-2014,REG,82
San Antonio Spurs,43.3,12.98,18.06,25.46,0.2,12.08,11.94,10.11,10.11,13.94,13.39,2013-2014,REG,82
Toronto Raptors,39.35,14.1,18.03,28.31,0.21,13.07,11.73,11.17,9.73,14.6,13.37,2013-2014,REG,82
Utah Jazz,41.94,14.5,19.88,23.31,0.38,12.24,11.74,9.94,9.66,14.07,13.6,2013-2014,REG,82
Washington Wizards,38.8,14.54,22.04,24.41,0.2,12.73,12.61,10.51,10.27,14.61,14.6,2013-2014,REG,82
Atlanta Hawks,40.43,10.19,20.77,28.42,0.2,12.95,12.26,10.6,10.51,14.98,13.7,2012-2013,REG,82
Brooklyn Nets,43.28,14.49,15.36,26.66,0.2,12.16,11.87,10.23,9.86,13.73,13.62,2012-2013,REG,82
Boston Celtics,38.49,16.1,23.88,21.15,0.37,12.39,11.85,10.63,9.45,13.92,13.74,2012-2013,REG,81
Charlotte Hornets,43,14.78,21.18,20.77,0.27,11.71,12.07,9.74,10,13.16,13.92,2012-2013,REG,82
Chicago Bulls,41.68,16.84,22.59,18.63,0.25,11.73,12.12,9.75,10.04,13.27,13.77,2012-2013,REG,82
Cleveland Cavaliers,42.5,15.82,18.77,22.74,0.17,11.89,12.13,10.18,9.9,13.19,14.16,2012-2013,REG,82
Dallas Mavericks,37.74,20.43,18.2,23.33,0.3,12.55,12.28,10.81,10.33,14.04,13.84,2012-2013,REG,82
Denver Nuggets,55.74,11.02,11.53,21.37,0.34,9.86,12.37,7.27,10.71,12.24,13.7,2012-2013,REG,82
Detroit Pistons,51.3,10.09,16.9,21.41,0.3,10.61,12.02,8.45,9.67,12.38,14.02,2012-2013,REG,82
Golden State Warriors,37.11,16.15,22.88,23.55,0.31,13,13.14,11.51,10.93,14.27,14.87,2012-2013,REG,82
Houston Rockets,47.18,7.34,10.56,34.74,0.18,12.3,12.71,9.84,10.65,14.41,14.43,2012-2013,REG,82
Indiana Pacers,42.18,15.53,17.8,24.13,0.37,12.23,12.32,10.11,10.76,13.88,13.45,2012-2013,REG,81
Los Angeles Clippers,42.63,11.38,19.5,26.32,0.17,12.53,12.82,10.07,10.87,14.78,14.37,2012-2013,REG,82
Los Angeles Lakers,42.37,11.6,15.74,29.99,0.3,12.84,12.39,10.56,10.24,14.76,14.18,2012-2013,REG,82
Memphis Grizzlies,45.59,16.87,20.96,16.38,0.19,11.04,12.26,9.38,10.01,12.36,13.99,2012-2013,REG,82
Miami Heat,38.83,13.55,19.15,28.3,0.17,12.72,12.33,10.52,10.24,14.89,13.97,2012-2013,REG,82
Milwaukee Bucks,43.65,14.88,18.26,23.08,0.13,11.72,10.97,9.83,8.99,13.18,12.63,2012-2013,REG,82
Minnesota Timberwolves,44.15,11.19,22.62,21.86,0.18,11.81,12.35,9.44,10.05,13.66,14.36,2012-2013,REG,82
New Orleans Pelicans,46.29,13.84,17.5,22.11,0.26,11.59,11.78,9.77,9.83,13.08,13.51,2012-2013,REG,82
New York Knicks,35.73,10.09,18.7,34.98,0.49,14.15,12.6,12.1,10.25,15.82,14.59,2012-2013,REG,82
Oklahoma City Thunder,40.32,16.7,18.56,24.2,0.22,12.11,12.06,9.98,10.05,14.08,13.55,2012-2013,REG,82
Orlando Magic,41.85,15.3,20.6,22.15,0.12,12.09,12.42,9.83,10.33,13.93,14.23,2012-2013,REG,82
Philadelphia 76ers,38.47,17.84,22.85,20.67,0.17,12.25,12.19,10.43,10.16,13.71,13.89,2012-2013,REG,82
Phoenix Suns,40.03,15.25,23.68,20.79,0.25,12.25,11.45,10.06,9.68,13.98,13.02,2012-2013,REG,82
Portland Trailblazers,37.99,12.54,21.14,28.11,0.22,13.12,11.52,10.92,9.2,14.9,13.61,2012-2013,REG,82
Sacramento Kings,47.03,11.43,17.19,24.09,0.26,11.72,12.28,9.62,9.89,13.43,14.42,2012-2013,REG,82
San Antonio Spurs,43.75,13.56,16.27,26.19,0.22,11.98,11.91,9.93,10.25,13.88,13.22,2012-2013,REG,82
Toronto Raptors,37.76,15.41,21.94,24.74,0.15,13.03,11.76,10.76,9.63,14.86,13.57,2012-2013,REG,82
Utah Jazz,42.52,14.52,22.32,20.37,0.27,11.98,11.73,9.92,9.86,13.69,13.32,2012-2013,REG,82
Washington Wizards,37.66,18.44,21.58,22.12,0.21,12.6,12.76,10.79,10.64,13.99,14.42,2012-2013,REG,82
Atlanta Hawks,40.03,10.42,24.68,24.68,0.19,12.76,12.08,10.59,9.87,14.57,13.84,2011-2012,REG,66
Boston Celtics,36.28,17.72,26.58,19.31,0.12,12.41,11.52,10.7,9.17,13.87,13.22,2011-2012,REG,66
Charlotte Hornets,38.84,13.43,30.87,16.59,0.26,12.3,10.89,10.04,8.72,13.9,12.86,2011-2012,REG,66
Chicago Bulls,40.93,14.61,24.02,20.12,0.31,12.1,11.92,10.24,10.01,13.64,13.32,2011-2012,REG,66
Cleveland Cavaliers,48.2,11.49,16.67,23.53,0.09,11.21,11.78,9.1,9.61,12.76,13.67,2011-2012,REG,66
Dallas Mavericks,36.34,19.15,17.43,26.85,0.23,12.9,12.55,10.83,10.29,14.55,14.29,2011-2012,REG,66
Denver Nuggets,53.16,10.11,12.49,23.84,0.41,10.53,12.84,7.92,11.11,12.9,14.3,2011-2012,REG,66
Detroit Pistons,46.79,14.09,21.62,17.2,0.31,10.92,11.94,9.04,9.65,12.39,13.9,2011-2012,REG,66
Golden State Warriors,39.48,12.13,23.55,24.6,0.24,12.89,12.01,11.23,10.11,14.29,13.59,2011-2012,REG,66
Houston Rockets,40.4,16.76,18.86,23.82,0.16,12.25,11.74,10.38,9.4,13.78,13.69,2011-2012,REG,66
Indiana Pacers,44.98,16.6,18.65,19.56,0.22,11.37,12.39,9.79,10.39,12.6,13.92,2011-2012,REG,66
Los Angeles Clippers,38.58,11.18,23.41,26.6,0.23,13.26,12.71,11.01,10.52,15.13,14.48,2011-2012,REG,66
Los Angeles Lakers,42.38,16.28,20.44,20.67,0.23,12.02,12.55,9.87,10.64,13.82,14.04,2011-2012,REG,66
Memphis Grizzlies,44.61,17.83,21.89,15.2,0.46,11.18,12.04,9.06,9.76,12.9,13.86,2011-2012,REG,66
Miami Heat,41.81,16.62,21.8,19.69,0.1,11.58,12.44,9.49,10.66,13.42,13.8,2011-2012,REG,66
Milwaukee Bucks,42.05,15.45,20.21,22.13,0.16,11.86,11.63,9.79,9.68,13.49,13.22,2011-2012,REG,66
Minnesota Timberwolves,43.42,11.84,18.57,26.01,0.17,12.17,12.1,9.88,9.85,13.92,13.98,2011-2012,REG,66
Brooklyn Nets,35.81,15.71,20.64,27.67,0.17,13.3,11.86,11.51,9.76,14.62,13.75,2011-2012,REG,66
New Orleans Pelicans,43.13,19.17,22.48,15.15,0.08,11.28,12.29,9.6,9.67,12.65,14.38,2011-2012,REG,66
New York Knicks,42.04,11.04,18.09,28.58,0.24,12.53,12.18,9.95,10.14,14.59,13.79,2011-2012,REG,66
Oklahoma City Thunder,41.17,16.12,17.48,25,0.23,12.1,11.47,9.9,9.5,14.07,12.94,2011-2012,REG,66
Orlando Magic,41.64,8.58,14.94,34.6,0.24,13.39,12.64,11.07,10.74,15.21,14.19,2011-2012,REG,65
Philadelphia 76ers,36.88,23.18,22.59,17.14,0.21,12.06,12.13,10.36,10.25,13.42,13.52,2011-2012,REG,65
Phoenix Suns,37.83,15.81,22.5,23.62,0.24,12.79,12.02,10.56,9.92,14.67,13.77,2011-2012,REG,66
Portland Trailblazers,40.89,12.02,21.58,25.2,0.31,12.51,12.03,10.43,9.92,14.17,13.85,2011-2012,REG,66
Sacramento Kings,49.34,10.79,17.12,22.45,0.3,11.26,11.81,8.83,9.49,13.12,13.92,2011-2012,REG,66
San Antonio Spurs,43.43,14.43,16.36,25.65,0.13,11.96,12.15,10.09,10.37,13.66,13.61,2011-2012,REG,66
Toronto Raptors,39.08,13.76,26.31,20.61,0.25,12.62,12.13,10.33,10.01,14.43,13.76,2011-2012,REG,66
Utah Jazz,47.19,16.97,20.53,15.01,0.29,10.71,12.01,8.37,9.91,12.67,13.75,2011-2012,REG,66
Washington Wizards,43.24,14.44,22.73,19.41,0.18,11.68,11.97,9.26,10,13.59,13.59,2011-2012,REG,66
Atlanta Hawks,36.76,13.69,27.36,21.98,0.2,13.03,12.33,11.16,10.21,14.64,14.14,2010-2011,REG,82
Boston Celtics,42.11,14.52,25.37,17.86,0.13,11.58,12.05,9.55,10.03,13.5,13.61,2010-2011,REG,82
Charlotte Hornets,45.33,12.32,23.46,18.56,0.33,11.46,12.28,9.43,10.23,13.14,14,2010-2011,REG,82
Chicago Bulls,42.96,12.63,22.82,21.22,0.37,12.07,12.47,10,10.44,13.84,14,2010-2011,REG,82
Cleveland Cavaliers,43.51,13.77,20.29,22.27,0.17,11.85,12.15,9.87,10.43,13.37,13.7,2010-2011,REG,82
Dallas Mavericks,35.7,17.1,19.85,27.05,0.31,13.12,12.18,11.11,9.85,14.94,14.1,2010-2011,REG,82
Denver Nuggets,46.33,9.34,18.61,25.45,0.27,11.83,12.78,9.86,10.51,13.62,14.71,2010-2011,REG,82
Detroit Pistons,42.12,16.85,22.15,18.6,0.29,11.48,11.83,9.59,9.43,13.08,14.1,2010-2011,REG,82
Golden State Warriors,40.96,12.74,21.41,24.58,0.32,12.56,11.87,10.71,9.84,14.14,13.64,2010-2011,REG,82
Houston Rockets,41.92,13.93,17.75,26.14,0.26,12.4,11.54,10.46,9.63,14.01,13.22,2010-2011,REG,82
Indiana Pacers,39.15,15.18,21.32,24.14,0.21,12.7,12.37,10.78,10.63,14.22,13.79,2010-2011,REG,82
Los Angeles Clippers,47.77,10.92,18.42,22.58,0.31,11.57,12.54,9.04,10.4,13.71,14.32,2010-2011,REG,82
Los Angeles Lakers,42.08,16.08,19.91,21.56,0.37,12.22,12.67,9.96,10.63,14.17,14.25,2010-2011,REG,82
Memphis Grizzlies,50.52,15.5,20.36,13.2,0.41,10.27,12.38,8.2,10.31,12.12,14.12,2010-2011,REG,82
Miami Heat,36.11,13.62,26.72,23.34,0.21,13.22,12.31,11.12,10.45,15.16,13.73,2010-2011,REG,82
Milwaukee Bucks,39.71,16.05,22.63,21.43,0.18,12.29,12,10.53,9.95,13.62,13.65,2010-2011,REG,82
Minnesota Timberwolves,42.66,14.6,20.4,21.9,0.44,12.24,12.6,10.59,10.5,13.54,14.45,2010-2011,REG,82
Brooklyn Nets,40.15,17.18,22.54,19.8,0.34,12.25,12.01,10.5,10.21,13.62,13.57,2010-2011,REG,82
New Orleans Pelicans,39.45,17.67,23.68,18.89,0.31,12.27,12.76,10.7,10.45,13.61,14.71,2010-2011,REG,82
New York Knicks,40.13,11.68,17.88,30.1,0.21,13.05,11.39,10.94,9.7,14.83,12.91,2010-2011,REG,82
Oklahoma City Thunder,41.3,15.76,21.71,21.02,0.21,11.97,11.26,9.69,9.24,13.95,12.97,2010-2011,REG,82
Orlando Magic,38.06,12.75,16.41,32.41,0.37,13.58,13.04,11.25,11.12,15.58,14.53,2010-2011,REG,82
Philadelphia 76ers,39.05,21.16,21.28,18.27,0.24,11.95,11.97,10.06,9.96,13.56,13.61,2010-2011,REG,82
Phoenix Suns,38.31,15.3,19.26,26.88,0.25,12.89,12.41,10.66,10.42,14.87,14.18,2010-2011,REG,82
Portland Trailblazers,41.6,15.03,20.58,22.42,0.36,12.13,11.94,9.84,10.02,13.98,13.62,2010-2011,REG,82
Sacramento Kings,44.92,14.69,22.12,17.9,0.37,11.5,11.65,9.35,9.69,13.25,13.45,2010-2011,REG,82
San Antonio Spurs,41.43,15.8,16.74,25.9,0.14,12.17,12,10.37,10.28,13.79,13.44,2010-2011,REG,82
Toronto Raptors,44.5,14.86,24.49,15.88,0.27,11.3,11.35,9.16,9.18,13.16,13.36,2010-2011,REG,82
Utah Jazz,43.34,15.54,22.03,18.8,0.29,11.59,12.24,9.55,10.36,13.36,13.83,2010-2011,REG,82
Washington Wizards,41.58,16.58,24.67,16.97,0.2,11.7,11.81,9.6,9.67,13.38,13.71,2010-2011,REG,82
Atlanta Hawks,42.54,12.43,23.67,21.09,0.28,11.85,11.53,9.66,9.44,13.77,13.31,2009-2010,REG,82
Boston Celtics,44.56,14,18.63,22.57,0.24,11.47,12.08,9.23,10.06,13.57,13.73,2009-2010,REG,82
Charlotte Hornets,48.1,10.53,20.27,20.76,0.33,10.73,12.12,8.43,9.78,12.64,14.02,2009-2010,REG,82
Chicago Bulls,40.09,14.33,29.97,15.43,0.18,11.5,12.29,9.64,10.21,13.04,13.93,2009-2010,REG,82
Cleveland Cavaliers,42.21,11.56,21.47,24.51,0.25,12.06,12.5,9.58,10.52,14.4,14.07,2009-2010,REG,82
Dallas Mavericks,36.72,18.34,22.85,21.85,0.24,12.33,12.16,10.67,10.02,13.78,13.97,2009-2010,REG,82
Denver Nuggets,42.68,12.85,21.74,22.46,0.27,11.7,11.99,9.4,9.72,13.72,13.89,2009-2010,REG,82
Detroit Pistons,39.83,19.2,22.95,17.77,0.24,11.46,12.13,9.38,10.03,13.12,14.07,2009-2010,REG,82
Golden State Warriors,38.07,12.53,25.61,23.5,0.28,12.86,11.51,10.73,9.42,14.73,13.48,2009-2010,REG,82
Houston Rockets,43.52,13.47,16.47,26.28,0.26,11.65,11.52,9.58,9.32,13.33,13.51,2009-2010,REG,82
Indiana Pacers,38.18,13.17,20.89,27.55,0.22,12.99,12.26,10.85,10.49,14.69,13.72,2009-2010,REG,82
Los Angeles Clippers,41.87,15.22,20.8,21.77,0.34,11.69,11.81,9.22,9.71,13.75,13.68,2009-2010,REG,82
Los Angeles Lakers,41.6,16.61,19.05,22.43,0.31,11.78,12.11,9.69,9.83,13.55,13.95,2009-2010,REG,82
Memphis Grizzlies,48.42,16.41,20.33,14.39,0.45,10.13,11.51,8.01,9.06,12.01,13.75,2009-2010,REG,82
Miami Heat,34.34,18.21,25.58,21.66,0.21,12.67,12.25,10.4,10.23,14.58,13.83,2009-2010,REG,82
Milwaukee Bucks,38.19,14.93,21.01,25.72,0.15,12.59,11.61,10.88,9.57,13.91,13.29,2009-2010,REG,82
Minnesota Timberwolves,42.11,19.98,20.82,16.69,0.39,11.07,12.31,8.94,9.88,12.8,14.55,2009-2010,REG,82
Brooklyn Nets,42.58,16.62,22.67,17.92,0.22,11.03,10.94,8.9,8.87,12.63,12.84,2009-2010,REG,82
New Orleans Pelicans,39.3,17.3,20.42,22.83,0.15,11.96,11.72,9.95,9.34,13.7,13.95,2009-2010,REG,82
New York Knicks,39.35,9.14,20.17,31.05,0.29,13.06,11.64,10.52,9.33,15.18,13.82,2009-2010,REG,82
Oklahoma City Thunder,42.57,16.61,22.27,18.45,0.11,11.11,10.95,8.99,8.66,12.93,12.79,2009-2010,REG,82
Orlando Magic,38.52,12.03,14.4,34.64,0.41,13.29,12.35,10.86,10.61,15.43,13.71,2009-2010,REG,82
Philadelphia 76ers,39.52,18.95,20.84,20.3,0.39,11.75,11.61,9.56,9.68,13.62,13.33,2009-2010,REG,82
Phoenix Suns,40.05,15.28,18.57,25.85,0.25,12.13,11.88,10.28,9.94,13.92,13.47,2009-2010,REG,82
Portland Trailblazers,35.55,17.45,25.49,21.04,0.46,12.52,11.77,10.34,9.37,14.39,13.86,2009-2010,REG,82
Sacramento Kings,45.1,12.9,21.96,19.8,0.25,11.21,11.39,9.11,9.22,12.97,13.29,2009-2010,REG,82
San Antonio Spurs,42.17,14.36,20.26,23.01,0.2,11.76,11.38,9.52,9.56,13.76,12.89,2009-2010,REG,82
Toronto Raptors,40.58,14.54,23.81,20.45,0.62,12.22,12,10.01,9.97,14.28,13.78,2009-2010,REG,82
Utah Jazz,47.53,12.11,22.01,18.14,0.21,10.57,12.02,8.36,9.71,12.71,13.9,2009-2010,REG,82
Washington Wizards,38.91,15.42,27.39,18.03,0.25,12.15,12.06,10.36,9.84,13.61,13.97,2009-2010,REG,82
Atlanta Hawks,38.22,14.58,21.93,24.96,0.31,12.84,12.4,10.62,10.22,14.72,14.21,2008-2009,REG,82
Boston Celtics,42.35,14.01,22.26,21.27,0.11,11.66,12.34,9.86,10.18,13.37,13.98,2008-2009,REG,82
Charlotte Hornets,45.5,11.37,21.89,20.84,0.4,11.23,12.07,9.43,10.19,12.72,13.64,2008-2009,REG,82
Chicago Bulls,38.75,13.12,29.34,18.51,0.28,12.06,11.48,10.44,9.39,13.42,13.24,2008-2009,REG,82
Cleveland Cavaliers,34.91,13.09,26.17,25.66,0.17,13.32,12.02,11.35,9.83,15.05,13.69,2008-2009,REG,82
Dallas Mavericks,32.79,18.97,24.15,23.83,0.27,13,12.09,11.26,10.34,14.5,13.54,2008-2009,REG,82
Denver Nuggets,44.72,11.03,21.58,22.32,0.35,11.44,12.26,9.14,10.35,13.48,13.77,2008-2009,REG,82
Detroit Pistons,33.59,19.37,30.49,16.35,0.2,12.34,11.96,10.52,9.84,13.86,13.7,2008-2009,REG,82
Golden State Warriors,42.03,11.88,25.18,20.58,0.33,12.14,11.23,10.15,9.45,13.82,12.79,2008-2009,REG,82
Houston Rockets,41.9,16.12,16.58,24.93,0.46,11.96,12.09,10.15,10.34,13.47,13.48,2008-2009,REG,82
Indiana Pacers,39.82,13.49,22.37,24.07,0.25,12.46,12.69,10.7,10.95,13.93,14.16,2008-2009,REG,82
Los Angeles Clippers,42.39,13.22,21.78,22.11,0.51,11.89,11.49,9.72,9.54,13.6,13.24,2008-2009,REG,82
Los Angeles Lakers,42.33,16.38,19.6,21.45,0.23,11.52,12.08,9.49,9.79,13.35,13.93,2008-2009,REG,82
Memphis Grizzlies,44.84,14.98,22.69,17.26,0.22,11.02,12.04,9.42,9.74,12.35,14.1,2008-2009,REG,82
Miami Heat,35.73,15.06,24.77,24.06,0.38,12.88,11.9,10.78,10.04,14.65,13.44,2008-2009,REG,82
Milwaukee Bucks,38.55,16.41,24.18,20.7,0.16,12.05,12.13,10.29,10.08,13.46,13.86,2008-2009,REG,82
Minnesota Timberwolves,43.04,14.59,19.64,22.41,0.33,11.58,12.24,9.58,10.37,13.16,13.93,2008-2009,REG,82
Brooklyn Nets,38.61,13.34,21.56,26.3,0.18,12.45,12.14,10.49,10.21,14.04,13.8,2008-2009,REG,82
New Orleans Pelicans,36.03,18.65,21.36,23.81,0.14,12.43,12.65,10.48,10.45,14.08,14.47,2008-2009,REG,82
New York Knicks,41.59,10.9,15.41,31.76,0.34,12.5,11.78,10.31,9.67,14.25,13.72,2008-2009,REG,82
Oklahoma City Thunder,43.71,17.37,24.69,14.02,0.21,10.7,10.97,8.64,9.22,12.36,12.57,2008-2009,REG,82
Orlando Magic,36.74,14.34,15.51,33.21,0.2,13.21,12.38,11.09,10.67,14.99,13.68,2008-2009,REG,82
Philadelphia 76ers,45.6,17.61,20.38,16.08,0.34,10.44,12.01,8.16,9.99,12.37,13.74,2008-2009,REG,82
Phoenix Suns,47.19,15.49,15.79,21.2,0.33,10.61,12.76,8.41,10.99,12.85,14.31,2008-2009,REG,82
Portland Trailblazers,38.19,14.82,23.08,23.42,0.5,12.4,11.7,10.41,9.97,14.12,13.17,2008-2009,REG,82
Sacramento Kings,39.49,13.68,22.99,23.52,0.3,12.37,11.27,10.54,9.4,13.86,13.03,2008-2009,REG,82
San Antonio Spurs,36.37,13.96,25.42,24.01,0.24,12.97,11.85,11.31,10.56,14.43,12.94,2008-2009,REG,82
Toronto Raptors,33.45,17.83,29.45,19,0.27,12.72,12.46,11.14,10.35,14.05,14.3,2008-2009,REG,82
Utah Jazz,45.06,12.07,26.01,16.63,0.23,10.87,11.53,8.78,9.31,12.76,13.44,2008-2009,REG,82
Washington Wizards,42.81,14.95,24.27,17.82,0.15,11.45,12.58,9.34,10.55,13.18,14.47,2008-2009,REG,82
Atlanta Hawks,43.25,14.27,26.08,16.04,0.35,11.17,11.54,9.05,9.5,12.94,13.3,2007-2008,REG,82
Boston Celtics,41,13.09,21.01,24.61,0.29,12.24,12.91,10.45,10.52,13.86,14.64,2007-2008,REG,82
Charlotte Hornets,41.75,13.37,22.89,21.85,0.15,11.69,11.67,9.74,9.47,13.31,13.59,2007-2008,REG,82
Chicago Bulls,37.25,15.6,28.16,18.74,0.25,12.21,12.49,10.78,10.81,13.32,13.88,2007-2008,REG,82
Cleveland Cavaliers,38.83,14.33,23.81,22.84,0.2,12.28,12.08,10.07,10.2,13.99,13.65,2007-2008,REG,82
Dallas Mavericks,33.36,20.65,24.38,21.22,0.39,12.72,11.64,10.96,9.66,14.24,13.22,2007-2008,REG,82
Denver Nuggets,43.14,13.27,20.82,22.26,0.51,11.55,12.34,9.15,10.37,13.68,14,2007-2008,REG,82
Detroit Pistons,31.49,18.7,29.52,20.04,0.24,13.12,12.13,11.34,10.03,14.63,13.77,2007-2008,REG,82
Golden State Warriors,44.52,8.93,17.22,28.97,0.36,12.31,11.82,9.72,9.84,14.52,13.55,2007-2008,REG,82
Houston Rockets,39.38,14.54,20.63,25.19,0.25,12.32,12.03,10.15,10.49,14.08,13.2,2007-2008,REG,82
Indiana Pacers,35.15,14.37,21.64,28.54,0.3,13.54,12.71,11.59,11.21,15.1,13.96,2007-2008,REG,82
Los Angeles Clippers,34.77,19.4,29.06,16.5,0.27,12.48,11.53,10.53,9.41,14,13.37,2007-2008,REG,82
Los Angeles Lakers,40.89,12.13,21.3,25.45,0.23,12.25,11.9,10.08,10.07,14.22,13.37,2007-2008,REG,82
Memphis Grizzlies,42.66,13.2,17.74,25.87,0.53,12.1,12.26,9.71,10.01,14.08,14.33,2007-2008,REG,82
Miami Heat,34.88,14.03,29.45,21.35,0.28,12.99,12.45,10.97,10.35,14.59,14.3,2007-2008,REG,82
Milwaukee Bucks,43.85,15.76,20.99,19.18,0.21,11.22,11.87,9.54,9.91,12.59,13.67,2007-2008,REG,82
Minnesota Timberwolves,43.68,17.28,20.66,17.91,0.47,11.24,12.4,9.29,10.17,12.83,14.4,2007-2008,REG,82
Brooklyn Nets,41.01,11.22,25.58,21.74,0.45,12.06,12.2,10.07,10.46,13.65,13.66,2007-2008,REG,82
New Orleans Pelicans,37.49,15.95,22.73,23.66,0.16,12.39,12.57,10.62,10.29,13.93,14.51,2007-2008,REG,82
New York Knicks,45.26,13.7,19.49,21.2,0.36,11.19,12.41,9.25,10.29,12.7,14.32,2007-2008,REG,82
Oklahoma City Thunder,40,19.01,27.66,13.25,0.09,11.28,11.66,9.61,9.95,12.62,13.13,2007-2008,REG,82
Orlando Magic,41.13,13.56,13.17,31.83,0.31,12.42,12.62,10.2,10.74,14.43,14.14,2007-2008,REG,82
Philadelphia 76ers,43.73,19.32,22.6,13.86,0.5,10.6,11.68,8.23,9.67,12.61,13.41,2007-2008,REG,82
Phoenix Suns,38.28,14.58,21.22,25.81,0.12,12.36,11.63,10.27,9.85,14.46,13.12,2007-2008,REG,82
Portland Trailblazers,30.19,16.87,31.19,21.21,0.55,13.75,11.98,12.13,9.87,15.06,13.72,2007-2008,REG,82
Sacramento Kings,42.06,13.19,23.91,20.68,0.17,11.68,12.27,9.9,10.14,13.21,14.12,2007-2008,REG,82
San Antonio Spurs,36.41,15.78,22.99,24.62,0.21,12.82,12.2,10.94,10.34,14.41,13.68,2007-2008,REG,82
Toronto Raptors,32.7,14.2,31.42,21.38,0.3,13.19,12.7,11.54,10.59,14.64,14.48,2007-2008,REG,82
Utah Jazz,44.86,12.39,26.33,16.12,0.29,10.89,12.06,8.79,9.79,12.96,13.99,2007-2008,REG,82
Washington Wizards,39.24,13.64,23.05,23.91,0.16,12.59,12.88,10.4,10.87,14.36,14.61,2007-2008,REG,82
Atlanta Hawks,42.67,11.66,29.43,16.07,0.17,11.36,10.83,9.38,9.03,12.95,12.41,2006-2007,REG,82
Boston Celtics,43.43,13.67,23.04,19.57,0.29,11.61,11.27,9.87,9.3,13,13.01,2006-2007,REG,82
Charlotte Hornets,42.98,12.86,24.96,19,0.21,11.41,11,9.64,9.03,12.83,12.72,2006-2007,REG,82
Chicago Bulls,36.92,15.04,29.51,18.27,0.27,12.32,12.17,10.97,10.32,13.45,13.59,2006-2007,REG,82
Cleveland Cavaliers,41.46,16.05,21.46,20.78,0.24,11.65,11.7,9.46,9.47,13.42,13.52,2006-2007,REG,82
Dallas Mavericks,34.28,19.37,24.62,21.44,0.29,12.62,11.38,11.04,9.62,14.01,12.81,2006-2007,REG,82
Denver Nuggets,45.17,12.3,21.41,20.81,0.31,11.12,11.8,8.52,9.55,13.39,13.71,2006-2007,REG,82
Detroit Pistons,36.17,22.1,21.62,19.9,0.22,11.99,11.41,10.15,9.46,13.52,12.97,2006-2007,REG,82
Golden State Warriors,45.4,9.49,17.21,27.62,0.27,11.93,11.95,9.47,9.86,14.05,13.75,2006-2007,REG,82
Houston Rockets,37.64,14.86,18.55,28.81,0.14,12.85,12.65,11.11,11.05,14.25,13.85,2006-2007,REG,82
Indiana Pacers,38.59,18.85,21.33,20.92,0.31,12.14,11.5,10.31,9.93,13.57,12.82,2006-2007,REG,82
Los Angeles Clippers,35.94,24.28,25.45,14.02,0.3,11.82,11.63,9.96,9.65,13.38,13.26,2006-2007,REG,82
Los Angeles Lakers,42.04,12.38,19.68,25.58,0.32,12.09,11.39,9.87,9.3,14.03,13.17,2006-2007,REG,82
Memphis Grizzlies,45.26,13.17,20.62,20.6,0.35,11.38,11.55,9.42,9.58,13.08,13.41,2006-2007,REG,82
Miami Heat,41.48,12.99,21.15,24.11,0.27,12.07,12.59,9.62,10.72,14.19,14.08,2006-2007,REG,82
Milwaukee Bucks,46.22,13.61,18.29,21.73,0.15,11.05,11.87,8.93,9.49,12.89,14.06,2006-2007,REG,82
Minnesota Timberwolves,35.9,16.93,30.45,16.24,0.48,12.41,12.05,10.63,9.78,13.94,13.98,2006-2007,REG,82
Brooklyn Nets,39.93,9.86,23.98,26.02,0.2,12.49,12.48,10.49,10.53,14.17,14.06,2006-2007,REG,82
New Orleans Pelicans,44.2,15.4,21.61,18.65,0.13,11.14,12.24,9.23,10.29,12.67,13.89,2006-2007,REG,82
New York Knicks,50.13,10.29,18.08,21.18,0.33,10.52,12.34,8.11,10.47,12.54,13.94,2006-2007,REG,82
Orlando Magic,46.95,14.88,22.49,15.55,0.13,10.4,12.27,8.19,10.4,12.37,13.74,2006-2007,REG,82
Philadelphia 76ers,40.39,20.63,26.15,12.52,0.31,11.02,11.73,9.04,9.55,12.69,13.6,2006-2007,REG,82
Phoenix Suns,37.6,13.67,20.11,28.39,0.24,12.75,12.11,10.41,10.04,15.02,13.85,2006-2007,REG,82
Portland Trailblazers,42.48,12.85,25.36,18.82,0.5,11.81,11.24,9.88,9.17,13.39,13.1,2006-2007,REG,82
Sacramento Kings,40.19,11.11,25.54,23.03,0.14,12.33,12.19,10.36,10.02,13.95,14.13,2006-2007,REG,82
San Antonio Spurs,40.81,14.32,20.49,24.22,0.16,12.19,11.14,10.09,9.51,14.08,12.43,2006-2007,REG,82
Oklahoma City Thunder,42.92,18.13,17.04,21.66,0.26,11.47,11.67,9.48,9.29,13.17,13.82,2006-2007,REG,82
Toronto Raptors,35.02,15.3,27.33,22.1,0.24,12.78,12.15,10.93,10.02,14.38,13.99,2006-2007,REG,82
Utah Jazz,43.95,14,25.76,16.06,0.23,11.03,12.12,9.02,9.82,12.84,14.04,2006-2007,REG,82
Washington Wizards,39.1,10.31,26.88,23.48,0.22,12.76,12.12,10.6,10.14,14.53,13.89,2006-2007,REG,82
Atlanta Hawks,45.15,14.04,23.03,17.53,0.25,11,10.76,9.27,8.87,12.43,12.5,2005-2006,REG,82
Boston Celtics,43.57,13.33,22.71,20.11,0.29,11.55,11.43,9.76,9.55,13.12,12.99,2005-2006,REG,82
Charlotte Hornets,41.58,13.93,26.09,18.05,0.34,11.56,11.13,9.48,9.07,13.15,13.02,2005-2006,REG,82
Chicago Bulls,37.01,14.1,26.97,21.64,0.28,12.65,12.81,11.12,10.94,13.88,14.2,2005-2006,REG,82
Cleveland Cavaliers,43.89,13.55,19.71,22.57,0.28,11.49,12.01,9.15,10.27,13.44,13.46,2005-2006,REG,82
Dallas Mavericks,38.6,22.13,21.8,17.1,0.36,11.49,11.53,10.16,9.89,12.63,12.83,2005-2006,REG,82
Denver Nuggets,43.23,12.66,28,15.77,0.34,11.06,12.07,8.78,9.94,13.02,13.84,2005-2006,REG,82
Detroit Pistons,32.36,20.65,24.84,22.06,0.09,12.82,11.01,11.09,8.98,14.26,12.68,2005-2006,REG,82
Golden State Warriors,41.3,10.57,21.19,26.72,0.22,12.67,11.95,10.39,9.78,14.42,13.78,2005-2006,REG,82
Houston Rockets,38.66,16.28,22.52,22.36,0.18,12.23,13.07,10.22,11.47,13.77,14.28,2005-2006,REG,82
Indiana Pacers,38.57,17.11,19.84,24.21,0.27,12.44,11.31,10.37,9.71,14.09,12.55,2005-2006,REG,82
Los Angeles Clippers,37.09,25.74,24.2,12.7,0.27,11.49,11.56,9.89,9.74,12.88,12.96,2005-2006,REG,82
Los Angeles Lakers,39.34,13.85,22.84,23.7,0.27,12.45,11.81,10.28,9.79,14.24,13.46,2005-2006,REG,82
Memphis Grizzlies,44.62,11.87,17.8,25.53,0.18,11.66,11.53,9.7,9.54,13.25,13.06,2005-2006,REG,82
Miami Heat,46.51,13.17,17.69,22.31,0.31,11.04,12.36,8.45,10.65,13.41,13.7,2005-2006,REG,82
Milwaukee Bucks,44.87,15.63,19.19,20.26,0.06,11.07,11.77,9.49,9.55,12.37,13.71,2005-2006,REG,82
Minnesota Timberwolves,37.22,17.56,30.41,14.46,0.35,12.08,11.18,10.13,9.29,13.72,12.66,2005-2006,REG,82
Brooklyn Nets,38.55,12.93,25.71,22.49,0.32,12.53,12.18,10.69,10.31,13.98,13.65,2005-2006,REG,82
New Orleans Pelicans,43.12,16.43,26.68,13.6,0.17,10.85,12.36,9.26,10.37,12.1,14.04,2005-2006,REG,82
New York Knicks,50.23,15.06,20.61,13.78,0.31,9.74,12.51,7.99,10.38,11.2,14.38,2005-2006,REG,82
Oklahoma City Thunder,41.07,16.23,18.43,23.92,0.36,12.15,11.78,10.32,9.73,13.69,13.72,2005-2006,REG,82
Orlando Magic,45.18,16.08,25.81,12.72,0.21,10.56,11.91,8.96,9.92,11.99,13.57,2005-2006,REG,82
Philadelphia 76ers,43.37,18.9,22.03,15.54,0.17,10.71,11.65,8.97,9.65,12.18,13.36,2005-2006,REG,82
Phoenix Suns,30.78,13.8,26.17,29.06,0.18,14.01,12.29,12.03,10.41,15.82,13.86,2005-2006,REG,82
Portland Trailblazers,42.64,12.57,28.25,16.2,0.34,11.55,11.56,9.62,10.01,13.1,12.92,2005-2006,REG,82
Sacramento Kings,37.52,9.37,31.38,21.51,0.22,12.9,11.99,10.64,9.94,14.78,13.7,2005-2006,REG,82
San Antonio Spurs,44.07,15.04,19.49,21.22,0.17,11.42,10.48,9.45,8.88,13.19,11.71,2005-2006,REG,82
Toronto Raptors,36.99,17.25,21.42,24.08,0.26,12.49,11.5,10.88,9.47,13.83,13.46,2005-2006,REG,82
Utah Jazz,42.11,13.31,29.76,14.61,0.21,11.34,12.23,9.33,10.61,12.94,13.55,2005-2006,REG,82
Washington Wizards,42.02,12.33,24.73,20.73,0.18,12.15,11.94,10.04,9.89,13.86,13.72,2005-2006,REG,82
Atlanta Hawks,48.5,16.55,20.37,14.24,0.34,10.05,11.09,8.15,9.32,11.54,12.71,2004-2005,REG,82
Boston Celtics,45.56,13.99,21.24,18.95,0.25,10.96,11.63,9,9.63,12.69,13.23,2004-2005,REG,82
Charlotte Hornets,38.97,18.84,29.39,12.67,0.13,11.38,11.05,9.87,9.25,12.52,12.6,2004-2005,REG,82
Chicago Bulls,39.49,17.4,21.44,21.51,0.17,11.94,12.31,10.28,10.49,13.2,13.64,2004-2005,REG,82
Cleveland Cavaliers,43.19,20.01,23.25,13.43,0.12,10.74,11.24,8.81,9.75,12.31,12.46,2004-2005,REG,82
Dallas Mavericks,38.39,18.29,24.18,18.8,0.33,11.92,11.52,10.15,9.41,13.42,13.17,2004-2005,REG,82
Denver Nuggets,43.93,14.48,27.39,13.85,0.35,10.77,11.92,8.36,9.79,12.82,13.64,2004-2005,REG,82
Detroit Pistons,39.92,22.33,21.49,16.1,0.16,11.08,11.8,9.28,9.93,12.51,13.21,2004-2005,REG,82
Golden State Warriors,38.41,11.62,24.75,25.06,0.16,12.92,11.44,10.93,9.66,14.42,12.95,2004-2005,REG,82
Houston Rockets,34.91,15.84,25.61,23.4,0.23,13.04,12.78,11.25,11.07,14.46,14.04,2004-2005,REG,82
Indiana Pacers,37.11,17.55,19.95,25.2,0.2,12.72,11.53,10.74,10.03,14.22,12.71,2004-2005,REG,82
Los Angeles Clippers,40.56,19.96,28.97,10.22,0.28,11.05,11.63,9.34,9.96,12.51,12.97,2004-2005,REG,82
Los Angeles Lakers,41.82,12.05,18.83,26.79,0.51,12.35,12.25,10.26,10.43,13.97,13.77,2004-2005,REG,82
Memphis Grizzlies,47.23,11.5,17.6,23.36,0.3,11.09,11.64,9.09,10.05,12.7,12.85,2004-2005,REG,82
Miami Heat,43.18,15.2,21.88,19.58,0.16,11.14,12.33,9.09,10.81,13.09,13.47,2004-2005,REG,82
Milwaukee Bucks,42.43,21.16,22.37,13.88,0.17,10.72,11.55,9.28,9.3,11.9,13.5,2004-2005,REG,82
Minnesota Timberwolves,32.01,22.3,28.44,17,0.24,12.79,11.59,11.18,9.79,14.16,12.99,2004-2005,REG,82
Brooklyn Nets,36.43,15.11,29.8,18.39,0.27,12.53,12.37,11.1,10.95,13.61,13.48,2004-2005,REG,82
New Orleans Pelicans,36.79,15.43,27.74,19.87,0.17,12.25,12.13,10.42,10.14,13.55,13.78,2004-2005,REG,82
New York Knicks,40.07,16.09,25.11,18.38,0.35,11.76,11.49,10,9.55,13.2,13.18,2004-2005,REG,82
Oklahoma City Thunder,40.12,15.34,16.5,27.73,0.31,12.49,11.67,10.5,9.48,14.08,13.52,2004-2005,REG,82
Orlando Magic,40.14,18.61,27.61,13.51,0.14,11.24,11.48,9.44,9.6,12.74,13.03,2004-2005,REG,82
Philadelphia 76ers,41.32,15.89,21.26,21.39,0.14,11.65,12.6,9.66,10.59,13.2,14.2,2004-2005,REG,82
Phoenix Suns,37.08,16.81,17.28,28.44,0.38,12.61,12.02,10.54,9.9,14.5,13.71,2004-2005,REG,82
Portland Trailblazers,45.99,14.54,21.48,17.77,0.22,10.81,11.2,8.78,9.34,12.48,12.71,2004-2005,REG,82
Sacramento Kings,35.32,10.96,33.66,19.88,0.17,13.04,11.63,11.23,9.49,14.58,13.45,2004-2005,REG,82
San Antonio Spurs,44.91,16.25,17.35,21.29,0.2,11.19,10.69,9.16,9.28,12.87,11.73,2004-2005,REG,82
Toronto Raptors,37.44,16.7,20.71,24.86,0.29,12.51,11.26,11.02,9.41,13.7,12.89,2004-2005,REG,82
Utah Jazz,40.25,16.46,31.47,11.54,0.29,11.29,12.41,9.44,10.26,12.79,14.23,2004-2005,REG,82
Washington Wizards,41.88,15.46,20.64,21.77,0.25,12.07,12.06,9.99,10,13.69,13.82,2004-2005,REG,82
Atlanta Hawks,41.33,18.91,20.49,19.21,0.06,11.32,11.19,9.6,9.5,12.63,12.52,2003-2004,REG,82
Boston Celtics,38.24,14.64,22.21,24.68,0.23,12.62,12.62,10.72,10.78,14.13,14.04,2003-2004,REG,82
Chicago Bulls,37.61,17.81,25.92,18.42,0.24,12.11,11.67,10.52,10.04,13.23,12.93,2003-2004,REG,82
Cleveland Cavaliers,44.57,24.14,19.64,11.42,0.24,10.16,11.05,8.34,9.67,11.54,12.12,2003-2004,REG,82
Dallas Mavericks,40.97,16.97,22.02,19.71,0.33,11.73,11.56,9.7,9.37,13.46,13.41,2003-2004,REG,82
Denver Nuggets,42.69,15.66,27.2,14.25,0.19,10.99,10.72,8.84,8.92,12.69,12.21,2003-2004,REG,82
Detroit Pistons,44.25,22.55,17.87,15.2,0.13,10.33,11.69,8.6,9.68,11.66,13.1,2003-2004,REG,82
Golden State Warriors,43.96,14.58,21.79,19.35,0.32,11.5,11.56,9.33,9.92,13.22,12.88,2003-2004,REG,82
Houston Rockets,37.23,18.98,21.1,22.31,0.38,12.34,12.47,10.61,10.95,13.71,13.53,2003-2004,REG,82
Indiana Pacers,39.67,20.44,19.61,20.04,0.24,11.7,11.49,10,9.61,13.01,12.91,2003-2004,REG,82
Los Angeles Clippers,45.25,17.37,21.83,15.34,0.21,10.67,11.47,8.53,9.51,12.28,13.13,2003-2004,REG,82
Los Angeles Lakers,42.98,16.54,23.64,16.57,0.26,11.14,12.14,8.74,9.95,13.13,13.87,2003-2004,REG,82
Memphis Grizzlies,47.84,13.43,19.05,19.29,0.39,10.77,10.56,8.62,8.65,12.49,12.05,2003-2004,REG,82
Miami Heat,39.88,15.88,23.17,20.74,0.33,11.91,12.31,10.07,10.42,13.27,13.73,2003-2004,REG,82
Milwaukee Bucks,42.53,22.29,17.88,17.13,0.17,10.86,11.35,9.09,9.45,12.29,12.93,2003-2004,REG,82
Minnesota Timberwolves,30.65,25.61,30.12,13.33,0.29,12.58,11.78,11.16,9.86,13.8,13.13,2003-2004,REG,82
Brooklyn Nets,41.26,14.39,26.74,17.31,0.3,11.53,12.07,9.25,10.33,13.33,13.36,2003-2004,REG,82
New Orleans Pelicans,37.92,16.02,20.86,24.99,0.2,12.46,11.69,10.42,9.69,13.93,13.28,2003-2004,REG,82
New York Knicks,36.91,22.45,23.6,16.78,0.26,11.82,11.78,10.34,10.16,12.99,13,2003-2004,REG,82
Oklahoma City Thunder,36.85,15.58,18.3,28.98,0.28,13.12,11.88,10.99,9.82,14.84,13.58,2003-2004,REG,82
Orlando Magic,35.73,18.53,27.33,18.31,0.1,12.39,11.29,10.93,9.14,13.48,13.17,2003-2004,REG,82
Philadelphia 76ers,40.83,21.74,21.58,15.7,0.14,10.93,11.9,9.2,9.7,12.23,13.58,2003-2004,REG,82
Phoenix Suns,41.54,19.43,21.07,17.69,0.27,11.07,11.78,8.98,9.56,12.73,13.58,2003-2004,REG,82
Portland Trailblazers,42.94,18.25,21.82,16.78,0.22,11.14,11.38,9.19,9.73,12.72,12.73,2003-2004,REG,82
Sacramento Kings,38.13,11.22,28.36,22.02,0.27,12.63,11.66,10.94,9.47,14.07,13.47,2003-2004,REG,82
San Antonio Spurs,43.73,18.53,19.98,17.57,0.19,11.17,10.83,9.32,9.24,12.63,11.92,2003-2004,REG,82
Toronto Raptors,33.79,19.1,26.76,20.17,0.18,12.67,10.61,10.84,8.82,13.97,11.95,2003-2004,REG,82
Utah Jazz,42.03,12.56,32.8,12.43,0.18,11.21,12.13,9.54,10.48,12.51,13.39,2003-2004,REG,82
Washington Wizards,43.25,16.08,21.38,19.14,0.15,11.5,11.76,9.49,9.77,12.96,13.41,2003-2004,REG,82
Atlanta Hawks,38.37,22.46,21.46,17.45,0.25,11.57,11.33,10.05,9.8,12.8,12.52,2002-2003,REG,82
Boston Celtics,37.02,14.87,14.96,32.81,0.34,13.34,13,11.06,11.11,14.95,14.46,2002-2003,REG,82
Chicago Bulls,44.88,19.24,21.05,14.61,0.22,10.59,11.71,8.72,9.54,12.09,13.41,2002-2003,REG,82
Cleveland Cavaliers,42.08,22.98,21.69,12.81,0.44,10.74,11.58,8.77,9.78,12.17,13.06,2002-2003,REG,82
Dallas Mavericks,34.82,17.22,24.16,23.62,0.19,12.82,11.75,11.04,9.73,14.29,13.31,2002-2003,REG,82
Denver Nuggets,43.55,16.58,27.24,12.5,0.12,10.89,11.99,8.9,10.07,12.29,13.52,2002-2003,REG,82
Detroit Pistons,35.69,18.75,21.86,23.45,0.25,12.68,11.18,10.96,9.54,13.98,12.46,2002-2003,REG,82
Golden State Warriors,44.42,15.66,22.06,17.7,0.17,11.24,10.94,9.28,9.28,12.79,12.31,2002-2003,REG,82
Houston Rockets,40.43,17.12,22.89,19.16,0.4,11.72,12.13,9.58,10.63,13.41,13.27,2002-2003,REG,82
Indiana Pacers,39.26,21.19,22.64,16.78,0.14,11.62,11.62,9.73,9.85,13.1,12.94,2002-2003,REG,82
Los Angeles Clippers,45.77,19.12,17.03,17.73,0.34,10.73,11.66,8.62,9.96,12.36,13.04,2002-2003,REG,82
Los Angeles Lakers,39.54,18.34,22.55,19.31,0.25,11.84,11.89,9.74,10.17,13.56,13.26,2002-2003,REG,82
Memphis Grizzlies,41.9,17.31,21.83,18.7,0.26,11.55,10.88,9.65,9.21,13.11,12.29,2002-2003,REG,82
Miami Heat,34.06,19.21,29.86,16.54,0.32,12.48,11.87,10.65,10.12,13.77,13.23,2002-2003,REG,82
Milwaukee Bucks,35.66,23.68,17.79,22.67,0.2,12.23,11.56,10.64,9.84,13.56,13.01,2002-2003,REG,82
Minnesota Timberwolves,35.84,19.81,32.61,11.61,0.13,11.92,12.2,10.33,10.24,13.29,13.72,2002-2003,REG,82
Brooklyn Nets,43.28,15.2,25.8,15.52,0.2,10.96,12.07,8.75,10.36,12.71,13.35,2002-2003,REG,82
New Orleans Pelicans,37.65,22.21,24.12,15.91,0.1,11.6,10.84,10.17,9.05,12.71,12.24,2002-2003,REG,82
New York Knicks,30.87,23.51,22.22,23.18,0.21,13.12,11.13,11.92,8.93,14.07,12.97,2002-2003,REG,82
Oklahoma City Thunder,38.4,17.02,24.91,19.48,0.2,12.2,12.28,10.3,10.16,13.68,13.99,2002-2003,REG,82
Orlando Magic,35.11,11.96,29.55,23.19,0.19,13.11,11.66,11.43,9.34,14.41,13.6,2002-2003,REG,82
Philadelphia 76ers,46.75,21.3,20.07,11.72,0.17,9.74,11.79,7.87,9.91,11.26,13.35,2002-2003,REG,82
Phoenix Suns,42.87,18.93,21.31,16.62,0.27,10.91,11.71,9.12,9.36,12.33,13.54,2002-2003,REG,82
Portland Trailblazers,43.63,17.18,21.55,17.22,0.42,11.07,12.09,8.71,9.92,13.09,13.86,2002-2003,REG,82
Sacramento Kings,39.31,12.98,29.33,17.95,0.43,12.18,12.07,10.14,10.07,13.94,13.51,2002-2003,REG,82
San Antonio Spurs,46.17,17.31,16.31,19.99,0.21,10.83,11.2,8.75,9.69,12.61,12.32,2002-2003,REG,82
Toronto Raptors,37.11,18.7,26.29,17.66,0.24,12.06,10.51,10.22,8.81,13.44,11.96,2002-2003,REG,82
Utah Jazz,41.75,16.56,31.44,10.08,0.17,10.81,12.12,8.93,10.2,12.46,13.59,2002-2003,REG,82
Washington Wizards,33.03,23.38,30.9,12.64,0.05,12.29,12.38,10.84,10.52,13.43,13.86,2002-2003,REG,82
Atlanta Hawks,44.24,18.6,19.14,17.88,0.14,10.8,11.35,9.1,9.38,12.14,13.01,2001-2002,REG,82
Boston Celtics,39.21,13.7,18.21,28.54,0.34,12.82,13.4,10.98,11.46,14.17,14.83,2001-2002,REG,82
Chicago Bulls,36.77,19.9,30,13.18,0.16,11.66,11.93,10.16,10.16,12.8,13.47,2001-2002,REG,82
Cleveland Cavaliers,35.83,24.43,24.13,15.18,0.43,11.97,11.27,10.62,9.88,13.07,12.43,2001-2002,REG,82
Dallas Mavericks,36.15,18.69,21.5,23.46,0.2,12.43,11.1,10.71,9.03,13.91,12.8,2001-2002,REG,82
Denver Nuggets,41.31,15.44,24.54,18.4,0.31,11.62,11.34,9.5,9.48,13.18,12.92,2001-2002,REG,82
Detroit Pistons,37.05,18.29,20.73,23.78,0.14,12.37,11.35,10.47,9.73,13.93,12.66,2001-2002,REG,82
Golden State Warriors,49.86,14.52,21.3,14.06,0.26,10.25,10.89,8.08,8.73,11.89,12.72,2001-2002,REG,82
Houston Rockets,37.36,13.28,27.1,21.97,0.3,12.61,11.27,10.53,9.56,14.16,12.75,2001-2002,REG,82
Indiana Pacers,37.64,22.04,22.16,17.83,0.33,11.96,11.64,10.08,10.01,13.47,12.9,2001-2002,REG,82
Los Angeles Clippers,41.6,25.94,15.27,17.04,0.15,10.94,11.28,9.05,9.48,12.46,12.75,2001-2002,REG,82
Los Angeles Lakers,39.61,18.77,20.57,20.81,0.23,11.91,12.06,9.6,9.84,13.89,13.7,2001-2002,REG,82
Memphis Grizzlies,42.95,17.12,23.23,16.48,0.21,11.26,10.95,9.11,9.03,12.92,12.57,2001-2002,REG,82
Miami Heat,33.66,19.96,32.28,13.69,0.41,12.46,11.88,10.44,10.22,14.03,13.09,2001-2002,REG,82
Milwaukee Bucks,32.21,27.72,16.06,23.71,0.3,12.75,11.95,11.25,10.07,14.04,13.43,2001-2002,REG,82
Minnesota Timberwolves,35.91,20.39,28.58,14.97,0.16,12.05,11.93,10.54,10.07,13.34,13.42,2001-2002,REG,82
Brooklyn Nets,42.15,17.39,22.98,17.11,0.38,11.24,11.6,9.02,10.24,13.04,12.62,2001-2002,REG,82
Charlotte Hornets,39.98,20.15,24.79,14.94,0.14,11.21,11.24,9.5,9.87,12.56,12.28,2001-2002,REG,82
New York Knicks,36,23.59,19.8,20.48,0.14,12.13,11.69,10.74,9.6,13.19,13.36,2001-2002,REG,82
Oklahoma City Thunder,42.96,16.15,21.57,19.2,0.12,11.43,11.97,9.84,9.91,12.83,13.65,2001-2002,REG,82
Orlando Magic,38.23,13.36,24.34,23.93,0.14,12.57,11.2,10.66,9.26,14.11,12.83,2001-2002,REG,82
Philadelphia 76ers,40.65,26.48,21.78,11.02,0.08,10.51,12.28,8.62,10.51,11.97,13.6,2001-2002,REG,82
Phoenix Suns,43.16,20.22,20.82,15.68,0.12,10.7,11.32,8.83,9.6,12.21,12.7,2001-2002,REG,82
Portland Trailblazers,39.65,15.11,25.53,19.47,0.24,12.01,12.23,10.03,10.35,13.63,13.79,2001-2002,REG,82
Sacramento Kings,42.74,12.89,27.82,16.44,0.11,11.29,11.72,9.4,9.72,12.95,13.29,2001-2002,REG,82
San Antonio Spurs,43.06,22.57,15.34,18.88,0.14,10.8,11.34,8.59,9.63,12.66,12.62,2001-2002,REG,82
Toronto Raptors,36.63,23.12,23.81,16.11,0.33,11.82,11.57,10.06,9.86,13.17,12.92,2001-2002,REG,82
Utah Jazz,45.73,14.94,26.22,12.99,0.13,10.39,12.18,8.62,10.46,11.83,13.57,2001-2002,REG,82
Washington Wizards,33.31,26.18,28.73,11.68,0.11,12.06,12.28,10.99,10.42,12.91,13.81,2001-2002,REG,82
Atlanta Hawks,39.48,26.81,19.62,13.84,0.24,11.02,11.36,9.58,9.83,12.12,12.56,2000-2001,REG,82
Boston Celtics,42.08,14.76,17.98,24.92,0.26,12.11,12.12,10.55,10.34,13.28,13.63,2000-2001,REG,82
Chicago Bulls,37.75,22.4,25.07,14.58,0.2,11.59,11.12,9.96,9.22,12.79,12.82,2000-2001,REG,82
Cleveland Cavaliers,43.71,23.41,22.81,9.68,0.4,10.44,11.58,8.84,9.94,11.72,12.89,2000-2001,REG,82
Dallas Mavericks,37.75,21.08,20.96,19.95,0.25,11.95,10.87,10.24,8.99,13.4,12.34,2000-2001,REG,82
Denver Nuggets,39.36,17.52,22.12,20.92,0.07,11.89,11.42,9.74,9.56,13.54,12.91,2000-2001,REG,82
Detroit Pistons,37.52,17.94,28.38,16.06,0.1,11.8,12.01,10.21,10.39,12.98,13.25,2000-2001,REG,82
Golden State Warriors,42.09,20.45,24.06,13.21,0.2,11.1,10.83,9.04,8.88,12.53,12.58,2000-2001,REG,82
Houston Rockets,41.02,16.61,20.52,21.52,0.33,11.83,11.53,9.61,9.86,13.67,12.9,2000-2001,REG,82
Indiana Pacers,37.63,20.28,24.07,17.76,0.26,12.14,11.99,10.6,10.52,13.36,13.07,2000-2001,REG,82
Los Angeles Clippers,43.04,22.1,18.45,16.32,0.09,10.93,11.36,8.92,9.49,12.56,12.83,2000-2001,REG,82
Los Angeles Lakers,41.09,19.72,20.13,18.82,0.24,11.5,12.05,9.26,10.29,13.45,13.43,2000-2001,REG,82
Memphis Grizzlies,36.26,16.94,32.33,14.42,0.05,12.43,11.4,11.01,9.49,13.53,13.04,2000-2001,REG,82
Miami Heat,36.27,18.26,23.39,21.75,0.32,12.6,11.89,10.85,9.76,13.93,13.52,2000-2001,REG,82
Milwaukee Bucks,30.32,30.01,17.89,21.49,0.29,12.76,11.42,11.32,9.68,13.98,12.79,2000-2001,REG,82
Minnesota Timberwolves,35.6,19.84,31.42,12.97,0.17,12.08,10.88,10.68,9.09,13.26,12.36,2000-2001,REG,82
Brooklyn Nets,41.63,17.54,24.29,16.29,0.24,11.27,11.61,9.21,10.07,12.8,12.9,2000-2001,REG,82
Charlotte Hornets,36.3,22.07,26.5,14.94,0.18,11.86,11.47,10.06,9.87,13.22,12.66,2000-2001,REG,82
New York Knicks,38.84,22.83,20.36,17.8,0.18,11.56,12.4,9.93,10.61,12.87,13.68,2000-2001,REG,82
Oklahoma City Thunder,49.74,16.27,16.42,17.4,0.17,10.28,11.72,8.57,9.78,11.72,13.33,2000-2001,REG,82
Orlando Magic,38.24,16.21,25.99,19.29,0.28,12.18,11.32,10.46,9.36,13.52,12.83,2000-2001,REG,82
Philadelphia 76ers,42.78,26.44,18.42,12.16,0.2,10.45,12.08,8.34,10.06,12.16,13.59,2000-2001,REG,82
Phoenix Suns,38.8,21.02,24.6,15.33,0.25,11.55,11.08,9.8,9.39,12.91,12.38,2000-2001,REG,82
Portland Trailblazers,40.98,17.16,25.43,16.21,0.22,11.49,11.86,9.57,10.09,13.17,13.24,2000-2001,REG,82
Sacramento Kings,44.76,12.86,22.99,19.08,0.32,11.41,11.78,9.24,10.05,13.18,13.1,2000-2001,REG,82
San Antonio Spurs,39.38,22.68,20.48,17.21,0.26,11.46,11.51,9.9,10.15,12.79,12.48,2000-2001,REG,82
Toronto Raptors,35.18,18.07,30.05,16.42,0.27,12.44,11.23,10.77,9.56,13.73,12.58,2000-2001,REG,82
Utah Jazz,45.06,15.53,26.04,13.24,0.13,10.56,12.6,8.77,10.81,12.15,14,2000-2001,REG,82
Washington Wizards,41.44,25.23,20.19,13.05,0.09,10.86,11.32,9.34,9.57,12.05,12.88,2000-2001,REG,82
Atlanta Hawks,37.02,29.35,21.72,11.66,0.25,11.1,10.75,9.38,9.25,12.47,12.01,1999-2000,REG,82
Boston Celtics,45.64,17.66,18.44,18.14,0.12,10.94,11.29,9.32,9.52,12.23,12.86,1999-2000,REG,82
Chicago Bulls,42.17,19.27,21.86,16.54,0.16,11.1,11.14,9.27,9.22,12.4,12.76,1999-2000,REG,82
Cleveland Cavaliers,43.8,19.72,22.77,13.56,0.15,10.71,11.75,9.16,9.84,11.94,13.27,1999-2000,REG,82
Dallas Mavericks,35.94,23.44,21.84,18.6,0.17,12.07,11.23,10.7,9.22,13.21,12.93,1999-2000,REG,82
Denver Nuggets,41.57,19.39,18.84,20,0.2,11.4,11.12,9.16,9.24,13.17,12.66,1999-2000,REG,82
Detroit Pistons,40.21,17.3,24.05,18.3,0.14,11.37,12.1,9.5,10.37,12.95,13.6,1999-2000,REG,82
Golden State Warriors,44.6,18.11,22.33,14.81,0.16,10.9,10.86,9.05,8.92,12.24,12.56,1999-2000,REG,82
Houston Rockets,45.87,13.41,16.45,24.04,0.22,11.29,10.84,8.93,9.28,13.22,12.15,1999-2000,REG,82
Indiana Pacers,37.13,20.49,20.04,22.25,0.09,12.54,10.99,11.06,9.24,13.81,12.39,1999-2000,REG,82
Los Angeles Clippers,40.04,23.9,17.18,18.6,0.28,11.48,10.41,9.44,8.54,12.98,12.13,1999-2000,REG,82
Los Angeles Lakers,44.5,20.56,19.81,15.03,0.11,10.59,11.97,8.44,10.21,12.4,13.23,1999-2000,REG,82
Memphis Grizzlies,43.42,20.82,21.87,13.79,0.1,10.78,10.93,9.04,8.87,12.2,12.81,1999-2000,REG,82
Miami Heat,36.84,21.81,22.85,18.3,0.2,12.02,11.7,9.99,10.43,13.75,12.63,1999-2000,REG,82
Milwaukee Bucks,32.39,32.83,19.16,15.32,0.31,11.79,11.65,10.37,10.1,13.02,12.96,1999-2000,REG,82
Minnesota Timberwolves,33.92,20.88,34.85,10.1,0.25,12.1,11.29,10.71,9.54,13.32,12.7,1999-2000,REG,82
Brooklyn Nets,38.38,13.57,28.16,19.74,0.15,12.27,10.76,10.48,8.92,13.64,12.34,1999-2000,REG,82
Charlotte Hornets,39.92,24.51,20.36,15.02,0.2,11.02,10.91,9.15,9.42,12.56,12.12,1999-2000,REG,82
New York Knicks,39.89,27.61,18.02,14.12,0.36,10.82,12.03,9.7,10.31,11.76,13.28,1999-2000,REG,82
Oklahoma City Thunder,41.53,12.97,22.4,22.99,0.1,12.16,11.69,9.72,9.76,14.13,13.29,1999-2000,REG,82
Orlando Magic,42.51,17.58,27.52,12.18,0.21,10.82,11.52,9.12,9.57,12.23,13.09,1999-2000,REG,82
Philadelphia 76ers,44.57,26.37,19.42,9.52,0.12,9.95,11.58,7.9,9.66,11.56,13.05,1999-2000,REG,82
Phoenix Suns,42.48,18.54,21.12,17.7,0.16,11.09,11.41,9.19,9.54,12.69,12.78,1999-2000,REG,82
Portland Trailblazers,42.55,15.93,24.01,17.22,0.3,11.38,11.89,9.48,10.09,13.06,13.26,1999-2000,REG,82
Sacramento Kings,43.72,14.35,19.03,22.56,0.34,11.81,11.51,9.41,9.65,13.77,13.05,1999-2000,REG,82
San Antonio Spurs,43.52,22,20.73,13.59,0.16,10.64,11.49,9.03,9.94,12.02,12.64,1999-2000,REG,82
Toronto Raptors,32.86,21.65,28.51,16.78,0.19,12.48,10.9,11.09,9.07,13.53,12.43,1999-2000,REG,82
Utah Jazz,39.66,18.84,28.26,13.06,0.19,11.33,12.08,9.99,10.76,12.5,13.15,1999-2000,REG,82
Washington Wizards,41.45,25.99,19.21,13.26,0.08,10.79,11.35,9.44,9.59,11.9,12.84,1999-2000,REG,82
Portland Trailblazers,41.51,16.59,24.74,16.95,0.21,11.6,11.47,9.78,9.76,13.04,12.7,1998-1999,REG,50
Phoenix Suns,37.27,22.06,22.92,17.61,0.14,11.8,11.44,10.01,9.59,13.27,12.96,1998-1999,REG,50
Philadelphia 76ers,43.5,25.86,21.09,9.37,0.18,10.17,11.96,7.84,9.94,11.9,13.44,1998-1999,REG,50
Orlando Magic,39.48,17.95,25.39,16.71,0.47,11.71,11,9.65,8.85,13.25,12.72,1998-1999,REG,50
Oklahoma City Thunder,44.62,15.82,17.03,22.43,0.1,11.39,11.36,9.08,9.09,13.22,13.26,1998-1999,REG,50
New York Knicks,44.2,23.43,16.47,15.66,0.24,10.45,11.75,8.91,10.58,11.63,12.54,1998-1999,REG,50
Charlotte Hornets,37.2,21.56,21.42,19.69,0.14,11.96,11.02,9.99,9.05,13.59,12.53,1998-1999,REG,50
Brooklyn Nets,40.86,15.81,26.87,16.3,0.15,11.55,10.4,9.71,8.65,12.82,11.85,1998-1999,REG,50
Minnesota Timberwolves,35.22,22.69,32.66,9.24,0.18,11.67,11.41,10.43,9.38,12.59,12.99,1998-1999,REG,50
Milwaukee Bucks,37.62,24.32,21.81,16.06,0.2,11.45,11.71,9.98,9.61,12.71,13.29,1998-1999,REG,50
Miami Heat,37.87,18.46,21.35,22.21,0.11,12.24,11.43,10.39,10.33,13.78,12.21,1998-1999,REG,50
Memphis Grizzlies,47.15,17.65,23.38,11.63,0.19,10.3,10.81,8.57,8.55,11.59,12.75,1998-1999,REG,50
Los Angeles Lakers,48.26,16.82,17.48,17.23,0.2,10.48,11.39,8.2,9.48,12.49,12.89,1998-1999,REG,50
Los Angeles Clippers,46.51,18.44,18.7,16.14,0.21,10.6,10.28,8.48,8.27,12.2,12.09,1998-1999,REG,50
Indiana Pacers,37.03,22.72,19.28,20.66,0.3,12.32,11.65,10.89,10.05,13.46,12.88,1998-1999,REG,50
Houston Rockets,43.18,18.53,14.1,24.02,0.17,11.44,11.55,9.15,9.93,13.41,12.8,1998-1999,REG,50
Golden State Warriors,41.86,20.7,24.25,13.01,0.2,11.2,10.73,9.55,8.72,12.37,12.19,1998-1999,REG,50
Detroit Pistons,39.4,23.6,18.73,18.14,0.13,11.27,12,9.31,10.21,12.84,13.38,1998-1999,REG,50
Denver Nuggets,39.2,17.97,19.61,23.09,0.13,12.08,10.77,10.06,8.78,13.55,12.52,1998-1999,REG,50
Dallas Mavericks,37.25,22.79,25.19,14.53,0.24,11.64,11.1,9.82,9.07,13.05,12.72,1998-1999,REG,50
Cleveland Cavaliers,44.46,19.53,21.06,14.71,0.23,10.56,11.16,9.02,9.03,11.77,12.81,1998-1999,REG,50
Chicago Bulls,40.17,21.09,22.84,15.77,0.13,11.27,11.07,9.33,8.95,12.56,12.84,1998-1999,REG,50
Boston Celtics,44.45,19.09,18.35,17.96,0.14,10.95,10.12,9.47,7.95,12.1,11.85,1998-1999,REG,50
Atlanta Hawks,40.1,22.17,20.64,16.73,0.35,11.4,11.56,9.36,9.93,12.81,12.71,1998-1999,REG,50
Sacramento Kings,47.1,14.55,16.27,21.82,0.27,11.13,11.13,8.2,9.15,13.48,12.73,1998-1999,REG,50
San Antonio Spurs,45.84,19.29,21.13,13.55,0.19,10.38,10.9,8.28,9.32,12.13,11.95,1998-1999,REG,50
Toronto Raptors,39.89,22.75,20.68,16.44,0.23,11.24,11.69,9.73,10.07,12.35,12.96,1998-1999,REG,50
Utah Jazz,45.37,17.15,26.66,10.69,0.12,10.23,11.74,8.48,9.85,11.75,13.07,1998-1999,REG,50
Washington Wizards,39.12,23.96,22.5,14.36,0.06,11.26,11.31,9.41,9.44,12.75,12.83,1998-1999,REG,50
Atlanta Hawks,44.06,22.58,17.45,15.72,0.2,10.51,10.76,8.66,9.25,12.04,11.95,1997-1998,REG,82
Boston Celtics,44.22,16.47,21.29,17.84,0.19,11.13,9.64,9.43,7.13,12.44,11.95,1997-1998,REG,82
Charlotte Hornets,44.49,20.21,21.09,14.06,0.15,10.38,10.87,8.84,8.84,11.73,12.64,1997-1998,REG,82
Chicago Bulls,38.17,22.9,24.84,13.93,0.17,11.25,11.19,9.29,8.93,12.85,12.9,1997-1998,REG,82
Cleveland Cavaliers,46.46,22.36,18.29,12.65,0.24,10.01,10.77,8.42,8.98,11.32,12.14,1997-1998,REG,82
Dallas Mavericks,33.84,21.6,27.15,17.26,0.14,12.32,10.72,10.93,8.64,13.35,12.47,1997-1998,REG,82
Denver Nuggets,37.3,22.01,26.74,13.78,0.17,11.59,11.17,9.54,9.1,13.05,13.03,1997-1998,REG,82
Detroit Pistons,41.18,25.64,18.47,14.61,0.11,10.57,11.82,8.37,10.03,12.38,13.26,1997-1998,REG,82
Golden State Warriors,40.93,23.85,25.16,9.83,0.24,10.81,10.63,8.95,8.83,12.12,12.06,1997-1998,REG,82
Houston Rockets,41.44,19.01,14.65,24.72,0.18,11.7,11.24,9.4,9.48,13.6,12.79,1997-1998,REG,82
Indiana Pacers,39.83,20.98,22.68,16.27,0.24,11.6,10.78,9.86,9.01,13.14,12.12,1997-1998,REG,82
Los Angeles Clippers,44.54,17.15,16.44,21.73,0.14,11.2,9.9,9.02,8.2,12.9,11.43,1997-1998,REG,82
Los Angeles Lakers,55.33,15.26,7.9,21.33,0.19,9.29,10.93,6.79,9.25,11.6,12.25,1997-1998,REG,82
Miami Heat,41.71,17.32,16.81,23.9,0.26,11.82,10.82,9.67,9.15,13.57,12.07,1997-1998,REG,82
Milwaukee Bucks,38.85,26.53,23.56,10.7,0.35,11.05,10.13,9.51,7.97,12.33,11.98,1997-1998,REG,82
Minnesota Timberwolves,39.99,21.01,26.25,12.56,0.19,10.99,11.04,9.5,9.15,12.25,12.56,1997-1998,REG,82
Brooklyn Nets,41.99,20.5,24.1,13.21,0.2,10.76,10.37,9.1,8.17,12.05,12.33,1997-1998,REG,82
New York Knicks,39.66,19.74,22.82,17.48,0.3,11.56,11.55,9.78,9.53,13,13.06,1997-1998,REG,82
Orlando Magic,40.35,17.82,27.85,13.72,0.25,11.3,10.42,9.26,8.57,12.83,11.95,1997-1998,REG,82
Philadelphia 76ers,46.63,23.31,17.46,12.45,0.14,9.86,11.1,7.93,9.31,11.41,12.56,1997-1998,REG,82
Phoenix Suns,40.6,22.4,19.23,17.63,0.15,11.13,10.73,9.17,8.9,12.85,12.17,1997-1998,REG,82
Portland Trailblazers,47.88,18.92,18.1,14.94,0.16,10.13,11.37,7.9,9.78,11.95,12.57,1997-1998,REG,82
Sacramento Kings,43.99,20.13,23.81,11.86,0.21,10.56,10.42,8.71,8.46,12.04,12.06,1997-1998,REG,82
San Antonio Spurs,48.79,20.23,17.31,13.58,0.1,9.74,11.08,7.89,9.81,11.38,11.97,1997-1998,REG,82
Oklahoma City Thunder,43.83,14.3,17.63,24.19,0.05,11.55,11.39,9.71,9.21,13.2,13.16,1997-1998,REG,82
Toronto Raptors,45.24,21.74,17.11,15.79,0.12,10.19,9.86,8.38,8.13,11.59,11.45,1997-1998,REG,82
Utah Jazz,46.36,16.78,26.07,10.65,0.13,9.98,11.74,8.43,10.07,11.47,13.06,1997-1998,REG,82
Memphis Grizzlies,47.5,18.95,19.88,13.47,0.2,10.14,11.18,8.2,9.43,11.77,12.78,1997-1998,REG,82
Washington Wizards,41.17,25.84,19.23,13.71,0.05,10.61,10.29,8.9,8.42,12.02,11.84,1997-1998,REG,82
Atlanta Hawks,40.95,16.55,25.08,17.19,0.22,11.57,10.61,9.93,9.29,12.89,11.62,1996-1997,REG,82
Boston Celtics,56.72,13.88,17.54,11.81,0.06,8.26,8.41,7.91,7.41,8.53,9.43,1996-1997,REG,82
Charlotte Hornets,51.9,14.16,24.73,9.12,0.09,9.07,8.58,9.61,8.76,8.59,8.42,1996-1997,REG,82
Chicago Bulls,35.86,25.4,28.98,9.72,0.04,11.33,10.63,10.23,9.08,12.31,11.83,1996-1997,REG,82
Cleveland Cavaliers,40.49,17.06,33.69,8.64,0.12,11.29,10.65,9.99,9.04,12.37,11.93,1996-1997,REG,82
Dallas Mavericks,42.74,20.57,27.02,9.46,0.22,10.65,11.06,8.81,9.42,12.08,12.44,1996-1997,REG,82
Denver Nuggets,38.13,19.02,29.31,13.38,0.15,11.86,9.96,10.42,8.72,12.98,11.05,1996-1997,REG,82
Detroit Pistons,38.05,22.79,22.13,16.9,0.13,11.44,11.59,9.93,10.26,12.74,12.65,1996-1997,REG,82
Golden State Warriors,42.26,19.35,29.05,9.27,0.08,10.93,11.09,9.15,9.14,12.42,12.85,1996-1997,REG,82
Houston Rockets,44.6,18.21,24.46,12.46,0.26,10.95,11.07,8.91,9.47,12.74,12.33,1996-1997,REG,82
Indiana Pacers,45.19,22.03,23.28,9.34,0.16,10.01,11.1,8.7,9.68,11.1,12.22,1996-1997,REG,82
Los Angeles Clippers,44.37,18.91,26.49,10.05,0.18,10.51,9.87,8.84,8.11,11.86,11.37,1996-1997,REG,82
Los Angeles Lakers,51.28,16.97,18.34,13.29,0.12,9.47,10.16,7.86,8.73,10.82,11.28,1996-1997,REG,82
Miami Heat,42.76,17.87,24.7,14.45,0.22,11.35,9.76,9.66,8.66,12.76,10.59,1996-1997,REG,82
Milwaukee Bucks,45.44,26.97,17.59,9.84,0.16,9.56,9.51,8.23,7.7,10.75,11.14,1996-1997,REG,82
Minnesota Timberwolves,41.65,20.48,29.42,8.25,0.2,10.6,9.89,9.09,8.45,11.87,11.08,1996-1997,REG,82
Brooklyn Nets,42.63,21.44,24.81,10.97,0.16,10.49,10.31,9.15,8.81,11.47,11.6,1996-1997,REG,82
New York Knicks,44.07,20.43,25.19,10.14,0.18,10.39,11.05,8.91,9.5,11.66,12.19,1996-1997,REG,82
Orlando Magic,44.41,16.04,27.91,11.41,0.25,10.91,9.96,8.97,8.12,12.42,11.53,1996-1997,REG,82
Philadelphia 76ers,49.12,18.23,19.09,13.37,0.19,9.6,9.84,7.74,8.19,11.03,11.32,1996-1997,REG,82
Phoenix Suns,43.34,20.33,28.17,7.96,0.19,10.58,10.64,8.61,8.91,12.31,12.16,1996-1997,REG,82
Portland Trailblazers,51.15,18.41,23.48,6.82,0.14,9.39,10.04,7.8,8.71,10.78,11.06,1996-1997,REG,82
Sacramento Kings,43.04,19.68,30.5,6.69,0.09,10.51,10.46,9.3,8.66,11.52,12.01,1996-1997,REG,82
San Antonio Spurs,49.4,15.46,26.5,8.62,0.03,9.5,10.39,7.93,8.91,10.73,11.69,1996-1997,REG,82
Oklahoma City Thunder,51.19,12.54,25.06,11.02,0.19,9.83,11.34,7.84,9.99,11.57,12.41,1996-1997,REG,82
Toronto Raptors,45.94,18.23,25.36,10.22,0.24,10.36,10.04,8.75,8.1,11.61,11.73,1996-1997,REG,82
Utah Jazz,47.12,18.87,27.28,6.64,0.08,9.64,11.45,8.08,9.92,11.24,12.65,1996-1997,REG,82
Memphis Grizzlies,43.42,20.69,25.06,10.66,0.17,10.43,9.93,8.59,8.04,11.86,11.63,1996-1997,REG,82
Washington Wizards,48.51,24.25,16.95,10.13,0.16,9.15,10.35,7.47,9.04,10.71,11.43,1996-1997,REG,82